regime,method,n,min_rooms,max_rooms,overall_completeness,constraint_valid_rate,repair_rate,mean_generation_constraint_rejections,linearity,leniency,progression_complexity,topology_complexity,path_length,num_nodes,novelty_vs_reference,expressive_overlap_reference,generation_time_sec,wall_time_sec
in_dist,FULL_GA,4,18,33,1.0,1.0,0.0,0.0,0.2832512315270936,1.0,0.4431932462170427,0.35580269499794864,7.0,28.25,0.049357044379672345,0.0,14.813332736492157,59.33463954925537
in_dist,FULL_CVT,4,18,33,1.0,1.0,0.0,0.0,0.2925253882915173,0.6916666666666668,0.48334512933827056,0.35672159449463303,7.0,27.5,0.0902249859983205,0.0,10.134790241718292,40.620707750320435
ood_small,FULL_GA,4,10,16,1.0,1.0,0.0,0.0,0.3253811405985319,0.875,0.45733220664198926,0.3628026878516009,6.75,24.0,0.03881310145413003,0.05,13.715919017791748,54.942456007003784
ood_small,FULL_CVT,4,10,16,1.0,1.0,0.0,0.0,0.29529352226720645,0.6220238095238095,0.4807058538597626,0.364164696328783,6.25,24.75,0.07031838921954174,0.0,10.927957534790039,43.78576111793518
ood_large,FULL_GA,4,35,42,1.0,1.0,0.0,0.0,0.29002926492784503,0.9083333333333333,0.43620203654995743,0.36860898148879895,7.0,28.0,0.08377435136426187,0.0,15.279510140419006,61.19668650627136
ood_large,FULL_CVT,4,35,42,1.0,1.0,0.0,0.0,0.28717251950947603,0.7428571428571429,0.47465516557717646,0.40784535592545446,6.0,24.25,0.0442008092804971,0.05,11.70918595790863,46.91954517364502
