regime,method,n,min_rooms,max_rooms,overall_completeness,constraint_valid_rate,repair_rate,mean_generation_constraint_rejections,linearity,leniency,progression_complexity,topology_complexity,path_length,num_nodes,novelty_vs_reference,expressive_overlap_reference,generation_time_sec,wall_time_sec
in_dist,FULL_GA,4,18,33,1.0,1.0,0.0,0.0,0.29543404870991075,0.8666666666666667,0.42373595646035767,0.361489887275459,6.5,25.5,0.07834886033031667,0.05,14.387976884841919,57.61700177192688
in_dist,FULL_CVT,4,18,33,1.0,1.0,0.0,0.0,0.25814102564102565,0.8809523809523809,0.47520082480737663,0.3469606585443542,5.75,26.25,0.06394248533890884,0.0,8.575808465480804,34.36910271644592
ood_small,FULL_GA,4,10,16,1.0,1.0,0.0,0.0,0.2903448275862069,0.825,0.41837473776986234,0.35732920870194745,6.75,27.0,0.07092005834786498,0.1111111111111111,14.817036151885986,59.34450840950012
ood_small,FULL_CVT,4,10,16,1.0,1.0,0.0,0.0,0.25797589507266927,0.725,0.4477938473045684,0.34882192838786774,6.5,29.0,0.08239929984596188,0.0,10.991305232048035,44.03181195259094
ood_large,FULL_GA,4,35,42,1.0,1.0,0.0,0.0,0.31809957353435614,0.8666666666666666,0.46517623898040517,0.36919343325121357,7.25,26.0,0.0629411138180084,0.0,16.871862173080444,67.55148577690125
ood_large,FULL_CVT,4,35,42,1.0,1.0,0.0,0.0,0.2027437448304384,0.8125,0.45366527506054516,0.3674259949362878,5.75,33.25,0.1188129350423767,0.0,12.193474233150482,48.84814643859863
