regime,method,n,min_rooms,max_rooms,overall_completeness,constraint_valid_rate,repair_rate,mean_generation_constraint_rejections,linearity,leniency,progression_complexity,topology_complexity,path_length,num_nodes,novelty_vs_reference,expressive_overlap_reference,generation_time_sec,wall_time_sec
in_dist,FULL_GA,4,18,33,1.0,1.0,0.0,0.0,0.29735132433783107,0.5625,0.4901042433001761,0.3811981249194692,7.25,27.75,0.06785221283508025,0.0,12.939274609088898,51.83753490447998
in_dist,FULL_CVT,4,18,33,1.0,1.0,0.0,0.0,0.2325716845878136,0.8125,0.46263095510075125,0.3680909302613159,5.5,28.0,0.05920975377748475,0.0,9.684791266918182,38.80243420600891
ood_small,FULL_GA,4,10,16,1.0,1.0,0.0,0.0,0.31380966859227727,0.7708333333333333,0.4742718682766509,0.3587249829354406,6.5,24.0,0.050943338879000356,0.10526315789473684,14.373014628887177,57.56002187728882
ood_small,FULL_CVT,4,10,16,1.0,1.0,0.0,0.0,0.3129166666666667,0.8333333333333334,0.4524193227493396,0.39511359610917535,6.75,25.0,0.06664498134800562,0.05,8.958868622779846,35.89703845977783
ood_large,FULL_GA,4,35,42,1.0,1.0,0.0,0.0,0.3284848484848485,0.9375,0.32215802374554836,0.36432310481377306,7.0,24.75,0.10456770804383717,0.0,14.70713895559311,58.90133190155029
ood_large,FULL_CVT,4,35,42,1.0,1.0,0.0,0.0,0.33408358951837214,0.6,0.4930065688559741,0.3668737528185847,6.75,23.5,0.04784603769093642,0.0,12.618154168128967,50.53176307678223
