dataset_type,n_levels,astar_success_rate,cbs_success_rate,mean_confusion_ratio,std_confusion_ratio,mean_room_entropy,mean_path_efficiency
nintendo,3,0.3333333333333333,0.16666666666666666,57.092682088108226,110.65861573338594,6.216154135215963,0.02676385542954195
random,3,0.0,0.0,834.1666666666666,1230.6687268113687,0.3333333333333333,0.0
maze,3,1.0,0.3333333333333333,320.9275090224547,530.5999892536944,3.978312819422337,0.035592855571267935
bsp,3,1.0,0.5,71.80579366822654,115.28785777833006,5.206303586636813,0.0755822361833814
