{
  "data_root": "Data\\The Legend of Zelda",
  "txt_file_count": 20,
  "dot_file_count": 18,
  "reference_room_count": 450,
  "reference_graph_count": 18,
  "room_shape_histogram": {
    "16x11": 450
  },
  "graph_nodes": {
    "count": 18.0,
    "mean": 29.5,
    "min": 12.0,
    "max": 66.0,
    "std": 13.933373205684576
  },
  "graph_edges": {
    "count": 18.0,
    "mean": 64.83333333333333,
    "min": 22.0,
    "max": 160.0,
    "std": 34.453269478784996
  },
  "graph_completeness": {
    "has_start_rate": 1.0,
    "has_goal_rate": 1.0,
    "path_exists_rate": 1.0
  },
  "tile_histogram": {
    "0": 2548,
    "1": 27905,
    "2": 39485,
    "3": 3255,
    "10": 1915,
    "20": 490,
    "40": 2507,
    "41": 1056,
    "42": 39
  }
}