config,seed,success,solvable,confusion_ratio,confusion_index,path_optimal,tile_prior_kl,graph_edit_distance,generation_time_sec,novelty,reconstruction_error,constraint_valid,room_repair_rate,tiles_repaired,topology_representable_edge_rate,topology_edge_connection_recall,topology_phantom_connection_rate,topology_preservation_score,directed_representable_edge_rate,directed_edge_realization_rate,directed_directionality_leak_rate,directed_edge_preservation_score,raw_topology_preservation_score,raw_directed_directionality_leak_rate,raw_topology_failed,raw_topology_error_count,raw_topology_error,error
FULL,42,False,False,,,0.0,,,3.7684566974639893,,,,,,,,,,,,,,,,False,0,,"RuntimeError: Error(s) in loading state_dict for DualStreamConditionEncoder:
	size mismatch for local_encoder.neighbor_encoders.N.weight: copying a param with shape torch.Size([192, 64]) from checkpoint, the shape in current model is torch.Size([256, 64]).
	size mismatch for local_encoder.neighbor_encoders.N.bias: copying a param with shape torch.Size([192]) from checkpoint, the shape in current model is torch.Size([256]).
	size mismatch for local_encoder.neighbor_encoders.S.weight: copying a param with shape torch.Size([192, 64]) from checkpoint, the shape in current model is torch.Size([256, 64]).
	size mismatch for local_encoder.neighbor_encoders.S.bias: copying a param with shape torch.Size([192]) from checkpoint, the shape in current model is torch.Size([256]).
	size mismatch for local_encoder.neighbor_encoders.E.weight: copying a param with shape torch.Size([192, 64]) from checkpoint, the shape in current model is torch.Size([256, 64]).
	size mismatch for local_encoder.neighbor_encoders.E.bias: copying a param with shape torch.Size([192]) from checkpoint, the shape in current model is torch.Size([256]).
	size mismatch for local_encoder.neighbor_encoders.W.weight: copying a param with shape torch.Size([192, 64]) from checkpoint, the shape in current model is torch.Size([256, 64]).
	size mismatch for local_encoder.neighbor_encoders.W.bias: copying a param with shape torch.Size([192]) from checkpoint, the shape in current model is torch.Size([256]).
	size mismatch for local_encoder.boundary_encoder.2.weight: copying a param with shape torch.Size([192, 16]) from checkpoint, the shape in current model is torch.Size([256, 16]).
	size mismatch for local_encoder.boundary_encoder.2.bias: copying a param with shape torch.Size([192]) from checkpoint, the shape in current model is torch.Size([256]).
	size mismatch for local_encoder.position_encoder.2.weight: copying a param with shape torch.Size([192, 32]) from checkpoint, the shape in current model is torch.Size([256, 32]).
	size mismatch for local_encoder.position_encoder.2.bias: copying a param with shape torch.Size([192]) from checkpoint, the shape in current model is torch.Size([256]).
	size mismatch for local_encoder.fusion.0.weight: copying a param with shape torch.Size([384, 1152]) from checkpoint, the shape in current model is torch.Size([512, 1536]).
	size mismatch for local_encoder.fusion.0.bias: copying a param with shape torch.Size([384]) from checkpoint, the shape in current model is torch.Size([512]).
	size mismatch for local_encoder.fusion.1.weight: copying a param with shape torch.Size([384]) from checkpoint, the shape in current model is torch.Size([512]).
	size mismatch for local_encoder.fusion.1.bias: copying a param with shape torch.Size([384]) from checkpoint, the shape in current model is torch.Size([512]).
	size mismatch for local_encoder.fusion.4.weight: copying a param with shape torch.Size([192, 384]) from checkpoint, the shape in current model is torch.Size([256, 512]).
	size mismatch for local_encoder.fusion.4.bias: copying a param with shape torch.Size([192]) from checkpoint, the shape in current model is torch.Size([256]).
	size mismatch for local_encoder.fusion.5.weight: copying a param with shape torch.Size([192]) from checkpoint, the shape in current model is torch.Size([256]).
	size mismatch for local_encoder.fusion.5.bias: copying a param with shape torch.Size([192]) from checkpoint, the shape in current model is torch.Size([256]).
	size mismatch for local_encoder.fusion.7.weight: copying a param with shape torch.Size([256, 192]) from checkpoint, the shape in current model is torch.Size([256, 256]).
	size mismatch for global_encoder.node_encoder.weight: copying a param with shape torch.Size([192, 14]) from checkpoint, the shape in current model is torch.Size([256, 14]).
	size mismatch for global_encoder.node_encoder.bias: copying a param with shape torch.Size([192]) from checkpoint, the shape in current model is torch.Size([256]).
	size mismatch for global_encoder.edge_encoder.weight: copying a param with shape torch.Size([192, 16]) from checkpoint, the shape in current model is torch.Size([256, 16]).
	size mismatch for global_encoder.edge_encoder.bias: copying a param with shape torch.Size([192]) from checkpoint, the shape in current model is torch.Size([256]).
	size mismatch for global_encoder.gnn_layers.0.bias: copying a param with shape torch.Size([192]) from checkpoint, the shape in current model is torch.Size([256]).
	size mismatch for global_encoder.gnn_layers.0.lin.weight: copying a param with shape torch.Size([192, 192]) from checkpoint, the shape in current model is torch.Size([256, 256]).
	size mismatch for global_encoder.gnn_layers.1.bias: copying a param with shape torch.Size([192]) from checkpoint, the shape in current model is torch.Size([256]).
	size mismatch for global_encoder.gnn_layers.1.lin.weight: copying a param with shape torch.Size([192, 192]) from checkpoint, the shape in current model is torch.Size([256, 256]).
	size mismatch for global_encoder.layer_norms.0.weight: copying a param with shape torch.Size([192]) from checkpoint, the shape in current model is torch.Size([256]).
	size mismatch for global_encoder.layer_norms.0.bias: copying a param with shape torch.Size([192]) from checkpoint, the shape in current model is torch.Size([256]).
	size mismatch for global_encoder.layer_norms.1.weight: copying a param with shape torch.Size([192]) from checkpoint, the shape in current model is torch.Size([256]).
	size mismatch for global_encoder.layer_norms.1.bias: copying a param with shape torch.Size([192]) from checkpoint, the shape in current model is torch.Size([256]).
	size mismatch for global_encoder.node_output.weight: copying a param with shape torch.Size([256, 192]) from checkpoint, the shape in current model is torch.Size([256, 256]).
	size mismatch for global_encoder.tpe_proj.weight: copying a param with shape torch.Size([192, 8]) from checkpoint, the shape in current model is torch.Size([256, 8]).
	size mismatch for global_encoder.tpe_proj.bias: copying a param with shape torch.Size([192]) from checkpoint, the shape in current model is torch.Size([256]).
	size mismatch for global_encoder.current_node_distance_proj.weight: copying a param with shape torch.Size([192, 4]) from checkpoint, the shape in current model is torch.Size([256, 4]).
	size mismatch for global_encoder.current_node_distance_proj.bias: copying a param with shape torch.Size([192]) from checkpoint, the shape in current model is torch.Size([256]).
	size mismatch for global_encoder.output_proj.0.weight: copying a param with shape torch.Size([256, 448]) from checkpoint, the shape in current model is torch.Size([256, 512]).
	size mismatch for style_proj.0.weight: copying a param with shape torch.Size([192, 128]) from checkpoint, the shape in current model is torch.Size([256, 128]).
	size mismatch for style_proj.0.bias: copying a param with shape torch.Size([192]) from checkpoint, the shape in current model is torch.Size([256]).
	size mismatch for style_proj.2.weight: copying a param with shape torch.Size([256, 192]) from checkpoint, the shape in current model is torch.Size([256, 256])."
FULL,43,False,False,,,0.0,,,2.7417266368865967,,,,,,,,,,,,,,,,False,0,,"RuntimeError: Error(s) in loading state_dict for DualStreamConditionEncoder:
	size mismatch for local_encoder.neighbor_encoders.N.weight: copying a param with shape torch.Size([192, 64]) from checkpoint, the shape in current model is torch.Size([256, 64]).
	size mismatch for local_encoder.neighbor_encoders.N.bias: copying a param with shape torch.Size([192]) from checkpoint, the shape in current model is torch.Size([256]).
	size mismatch for local_encoder.neighbor_encoders.S.weight: copying a param with shape torch.Size([192, 64]) from checkpoint, the shape in current model is torch.Size([256, 64]).
	size mismatch for local_encoder.neighbor_encoders.S.bias: copying a param with shape torch.Size([192]) from checkpoint, the shape in current model is torch.Size([256]).
	size mismatch for local_encoder.neighbor_encoders.E.weight: copying a param with shape torch.Size([192, 64]) from checkpoint, the shape in current model is torch.Size([256, 64]).
	size mismatch for local_encoder.neighbor_encoders.E.bias: copying a param with shape torch.Size([192]) from checkpoint, the shape in current model is torch.Size([256]).
	size mismatch for local_encoder.neighbor_encoders.W.weight: copying a param with shape torch.Size([192, 64]) from checkpoint, the shape in current model is torch.Size([256, 64]).
	size mismatch for local_encoder.neighbor_encoders.W.bias: copying a param with shape torch.Size([192]) from checkpoint, the shape in current model is torch.Size([256]).
	size mismatch for local_encoder.boundary_encoder.2.weight: copying a param with shape torch.Size([192, 16]) from checkpoint, the shape in current model is torch.Size([256, 16]).
	size mismatch for local_encoder.boundary_encoder.2.bias: copying a param with shape torch.Size([192]) from checkpoint, the shape in current model is torch.Size([256]).
	size mismatch for local_encoder.position_encoder.2.weight: copying a param with shape torch.Size([192, 32]) from checkpoint, the shape in current model is torch.Size([256, 32]).
	size mismatch for local_encoder.position_encoder.2.bias: copying a param with shape torch.Size([192]) from checkpoint, the shape in current model is torch.Size([256]).
	size mismatch for local_encoder.fusion.0.weight: copying a param with shape torch.Size([384, 1152]) from checkpoint, the shape in current model is torch.Size([512, 1536]).
	size mismatch for local_encoder.fusion.0.bias: copying a param with shape torch.Size([384]) from checkpoint, the shape in current model is torch.Size([512]).
	size mismatch for local_encoder.fusion.1.weight: copying a param with shape torch.Size([384]) from checkpoint, the shape in current model is torch.Size([512]).
	size mismatch for local_encoder.fusion.1.bias: copying a param with shape torch.Size([384]) from checkpoint, the shape in current model is torch.Size([512]).
	size mismatch for local_encoder.fusion.4.weight: copying a param with shape torch.Size([192, 384]) from checkpoint, the shape in current model is torch.Size([256, 512]).
	size mismatch for local_encoder.fusion.4.bias: copying a param with shape torch.Size([192]) from checkpoint, the shape in current model is torch.Size([256]).
	size mismatch for local_encoder.fusion.5.weight: copying a param with shape torch.Size([192]) from checkpoint, the shape in current model is torch.Size([256]).
	size mismatch for local_encoder.fusion.5.bias: copying a param with shape torch.Size([192]) from checkpoint, the shape in current model is torch.Size([256]).
	size mismatch for local_encoder.fusion.7.weight: copying a param with shape torch.Size([256, 192]) from checkpoint, the shape in current model is torch.Size([256, 256]).
	size mismatch for global_encoder.node_encoder.weight: copying a param with shape torch.Size([192, 14]) from checkpoint, the shape in current model is torch.Size([256, 14]).
	size mismatch for global_encoder.node_encoder.bias: copying a param with shape torch.Size([192]) from checkpoint, the shape in current model is torch.Size([256]).
	size mismatch for global_encoder.edge_encoder.weight: copying a param with shape torch.Size([192, 16]) from checkpoint, the shape in current model is torch.Size([256, 16]).
	size mismatch for global_encoder.edge_encoder.bias: copying a param with shape torch.Size([192]) from checkpoint, the shape in current model is torch.Size([256]).
	size mismatch for global_encoder.gnn_layers.0.bias: copying a param with shape torch.Size([192]) from checkpoint, the shape in current model is torch.Size([256]).
	size mismatch for global_encoder.gnn_layers.0.lin.weight: copying a param with shape torch.Size([192, 192]) from checkpoint, the shape in current model is torch.Size([256, 256]).
	size mismatch for global_encoder.gnn_layers.1.bias: copying a param with shape torch.Size([192]) from checkpoint, the shape in current model is torch.Size([256]).
	size mismatch for global_encoder.gnn_layers.1.lin.weight: copying a param with shape torch.Size([192, 192]) from checkpoint, the shape in current model is torch.Size([256, 256]).
	size mismatch for global_encoder.layer_norms.0.weight: copying a param with shape torch.Size([192]) from checkpoint, the shape in current model is torch.Size([256]).
	size mismatch for global_encoder.layer_norms.0.bias: copying a param with shape torch.Size([192]) from checkpoint, the shape in current model is torch.Size([256]).
	size mismatch for global_encoder.layer_norms.1.weight: copying a param with shape torch.Size([192]) from checkpoint, the shape in current model is torch.Size([256]).
	size mismatch for global_encoder.layer_norms.1.bias: copying a param with shape torch.Size([192]) from checkpoint, the shape in current model is torch.Size([256]).
	size mismatch for global_encoder.node_output.weight: copying a param with shape torch.Size([256, 192]) from checkpoint, the shape in current model is torch.Size([256, 256]).
	size mismatch for global_encoder.tpe_proj.weight: copying a param with shape torch.Size([192, 8]) from checkpoint, the shape in current model is torch.Size([256, 8]).
	size mismatch for global_encoder.tpe_proj.bias: copying a param with shape torch.Size([192]) from checkpoint, the shape in current model is torch.Size([256]).
	size mismatch for global_encoder.current_node_distance_proj.weight: copying a param with shape torch.Size([192, 4]) from checkpoint, the shape in current model is torch.Size([256, 4]).
	size mismatch for global_encoder.current_node_distance_proj.bias: copying a param with shape torch.Size([192]) from checkpoint, the shape in current model is torch.Size([256]).
	size mismatch for global_encoder.output_proj.0.weight: copying a param with shape torch.Size([256, 448]) from checkpoint, the shape in current model is torch.Size([256, 512]).
	size mismatch for style_proj.0.weight: copying a param with shape torch.Size([192, 128]) from checkpoint, the shape in current model is torch.Size([256, 128]).
	size mismatch for style_proj.0.bias: copying a param with shape torch.Size([192]) from checkpoint, the shape in current model is torch.Size([256]).
	size mismatch for style_proj.2.weight: copying a param with shape torch.Size([256, 192]) from checkpoint, the shape in current model is torch.Size([256, 256])."
TOPO_LIGHTWEIGHT,42,False,False,,,0.0,,,3.2370214462280273,,,,,,,,,,,,,,,,False,0,,"RuntimeError: Error(s) in loading state_dict for DualStreamConditionEncoder:
	size mismatch for local_encoder.neighbor_encoders.N.weight: copying a param with shape torch.Size([192, 64]) from checkpoint, the shape in current model is torch.Size([256, 64]).
	size mismatch for local_encoder.neighbor_encoders.N.bias: copying a param with shape torch.Size([192]) from checkpoint, the shape in current model is torch.Size([256]).
	size mismatch for local_encoder.neighbor_encoders.S.weight: copying a param with shape torch.Size([192, 64]) from checkpoint, the shape in current model is torch.Size([256, 64]).
	size mismatch for local_encoder.neighbor_encoders.S.bias: copying a param with shape torch.Size([192]) from checkpoint, the shape in current model is torch.Size([256]).
	size mismatch for local_encoder.neighbor_encoders.E.weight: copying a param with shape torch.Size([192, 64]) from checkpoint, the shape in current model is torch.Size([256, 64]).
	size mismatch for local_encoder.neighbor_encoders.E.bias: copying a param with shape torch.Size([192]) from checkpoint, the shape in current model is torch.Size([256]).
	size mismatch for local_encoder.neighbor_encoders.W.weight: copying a param with shape torch.Size([192, 64]) from checkpoint, the shape in current model is torch.Size([256, 64]).
	size mismatch for local_encoder.neighbor_encoders.W.bias: copying a param with shape torch.Size([192]) from checkpoint, the shape in current model is torch.Size([256]).
	size mismatch for local_encoder.boundary_encoder.2.weight: copying a param with shape torch.Size([192, 16]) from checkpoint, the shape in current model is torch.Size([256, 16]).
	size mismatch for local_encoder.boundary_encoder.2.bias: copying a param with shape torch.Size([192]) from checkpoint, the shape in current model is torch.Size([256]).
	size mismatch for local_encoder.position_encoder.2.weight: copying a param with shape torch.Size([192, 32]) from checkpoint, the shape in current model is torch.Size([256, 32]).
	size mismatch for local_encoder.position_encoder.2.bias: copying a param with shape torch.Size([192]) from checkpoint, the shape in current model is torch.Size([256]).
	size mismatch for local_encoder.fusion.0.weight: copying a param with shape torch.Size([384, 1152]) from checkpoint, the shape in current model is torch.Size([512, 1536]).
	size mismatch for local_encoder.fusion.0.bias: copying a param with shape torch.Size([384]) from checkpoint, the shape in current model is torch.Size([512]).
	size mismatch for local_encoder.fusion.1.weight: copying a param with shape torch.Size([384]) from checkpoint, the shape in current model is torch.Size([512]).
	size mismatch for local_encoder.fusion.1.bias: copying a param with shape torch.Size([384]) from checkpoint, the shape in current model is torch.Size([512]).
	size mismatch for local_encoder.fusion.4.weight: copying a param with shape torch.Size([192, 384]) from checkpoint, the shape in current model is torch.Size([256, 512]).
	size mismatch for local_encoder.fusion.4.bias: copying a param with shape torch.Size([192]) from checkpoint, the shape in current model is torch.Size([256]).
	size mismatch for local_encoder.fusion.5.weight: copying a param with shape torch.Size([192]) from checkpoint, the shape in current model is torch.Size([256]).
	size mismatch for local_encoder.fusion.5.bias: copying a param with shape torch.Size([192]) from checkpoint, the shape in current model is torch.Size([256]).
	size mismatch for local_encoder.fusion.7.weight: copying a param with shape torch.Size([256, 192]) from checkpoint, the shape in current model is torch.Size([256, 256]).
	size mismatch for global_encoder.node_encoder.weight: copying a param with shape torch.Size([192, 14]) from checkpoint, the shape in current model is torch.Size([256, 14]).
	size mismatch for global_encoder.node_encoder.bias: copying a param with shape torch.Size([192]) from checkpoint, the shape in current model is torch.Size([256]).
	size mismatch for global_encoder.edge_encoder.weight: copying a param with shape torch.Size([192, 16]) from checkpoint, the shape in current model is torch.Size([256, 16]).
	size mismatch for global_encoder.edge_encoder.bias: copying a param with shape torch.Size([192]) from checkpoint, the shape in current model is torch.Size([256]).
	size mismatch for global_encoder.gnn_layers.0.bias: copying a param with shape torch.Size([192]) from checkpoint, the shape in current model is torch.Size([256]).
	size mismatch for global_encoder.gnn_layers.0.lin.weight: copying a param with shape torch.Size([192, 192]) from checkpoint, the shape in current model is torch.Size([256, 256]).
	size mismatch for global_encoder.gnn_layers.1.bias: copying a param with shape torch.Size([192]) from checkpoint, the shape in current model is torch.Size([256]).
	size mismatch for global_encoder.gnn_layers.1.lin.weight: copying a param with shape torch.Size([192, 192]) from checkpoint, the shape in current model is torch.Size([256, 256]).
	size mismatch for global_encoder.layer_norms.0.weight: copying a param with shape torch.Size([192]) from checkpoint, the shape in current model is torch.Size([256]).
	size mismatch for global_encoder.layer_norms.0.bias: copying a param with shape torch.Size([192]) from checkpoint, the shape in current model is torch.Size([256]).
	size mismatch for global_encoder.layer_norms.1.weight: copying a param with shape torch.Size([192]) from checkpoint, the shape in current model is torch.Size([256]).
	size mismatch for global_encoder.layer_norms.1.bias: copying a param with shape torch.Size([192]) from checkpoint, the shape in current model is torch.Size([256]).
	size mismatch for global_encoder.node_output.weight: copying a param with shape torch.Size([256, 192]) from checkpoint, the shape in current model is torch.Size([256, 256]).
	size mismatch for global_encoder.tpe_proj.weight: copying a param with shape torch.Size([192, 8]) from checkpoint, the shape in current model is torch.Size([256, 8]).
	size mismatch for global_encoder.tpe_proj.bias: copying a param with shape torch.Size([192]) from checkpoint, the shape in current model is torch.Size([256]).
	size mismatch for global_encoder.current_node_distance_proj.weight: copying a param with shape torch.Size([192, 4]) from checkpoint, the shape in current model is torch.Size([256, 4]).
	size mismatch for global_encoder.current_node_distance_proj.bias: copying a param with shape torch.Size([192]) from checkpoint, the shape in current model is torch.Size([256]).
	size mismatch for global_encoder.output_proj.0.weight: copying a param with shape torch.Size([256, 448]) from checkpoint, the shape in current model is torch.Size([256, 512]).
	size mismatch for style_proj.0.weight: copying a param with shape torch.Size([192, 128]) from checkpoint, the shape in current model is torch.Size([256, 128]).
	size mismatch for style_proj.0.bias: copying a param with shape torch.Size([192]) from checkpoint, the shape in current model is torch.Size([256]).
	size mismatch for style_proj.2.weight: copying a param with shape torch.Size([256, 192]) from checkpoint, the shape in current model is torch.Size([256, 256])."
TOPO_LIGHTWEIGHT,43,False,False,,,0.0,,,3.3079192638397217,,,,,,,,,,,,,,,,False,0,,"RuntimeError: Error(s) in loading state_dict for DualStreamConditionEncoder:
	size mismatch for local_encoder.neighbor_encoders.N.weight: copying a param with shape torch.Size([192, 64]) from checkpoint, the shape in current model is torch.Size([256, 64]).
	size mismatch for local_encoder.neighbor_encoders.N.bias: copying a param with shape torch.Size([192]) from checkpoint, the shape in current model is torch.Size([256]).
	size mismatch for local_encoder.neighbor_encoders.S.weight: copying a param with shape torch.Size([192, 64]) from checkpoint, the shape in current model is torch.Size([256, 64]).
	size mismatch for local_encoder.neighbor_encoders.S.bias: copying a param with shape torch.Size([192]) from checkpoint, the shape in current model is torch.Size([256]).
	size mismatch for local_encoder.neighbor_encoders.E.weight: copying a param with shape torch.Size([192, 64]) from checkpoint, the shape in current model is torch.Size([256, 64]).
	size mismatch for local_encoder.neighbor_encoders.E.bias: copying a param with shape torch.Size([192]) from checkpoint, the shape in current model is torch.Size([256]).
	size mismatch for local_encoder.neighbor_encoders.W.weight: copying a param with shape torch.Size([192, 64]) from checkpoint, the shape in current model is torch.Size([256, 64]).
	size mismatch for local_encoder.neighbor_encoders.W.bias: copying a param with shape torch.Size([192]) from checkpoint, the shape in current model is torch.Size([256]).
	size mismatch for local_encoder.boundary_encoder.2.weight: copying a param with shape torch.Size([192, 16]) from checkpoint, the shape in current model is torch.Size([256, 16]).
	size mismatch for local_encoder.boundary_encoder.2.bias: copying a param with shape torch.Size([192]) from checkpoint, the shape in current model is torch.Size([256]).
	size mismatch for local_encoder.position_encoder.2.weight: copying a param with shape torch.Size([192, 32]) from checkpoint, the shape in current model is torch.Size([256, 32]).
	size mismatch for local_encoder.position_encoder.2.bias: copying a param with shape torch.Size([192]) from checkpoint, the shape in current model is torch.Size([256]).
	size mismatch for local_encoder.fusion.0.weight: copying a param with shape torch.Size([384, 1152]) from checkpoint, the shape in current model is torch.Size([512, 1536]).
	size mismatch for local_encoder.fusion.0.bias: copying a param with shape torch.Size([384]) from checkpoint, the shape in current model is torch.Size([512]).
	size mismatch for local_encoder.fusion.1.weight: copying a param with shape torch.Size([384]) from checkpoint, the shape in current model is torch.Size([512]).
	size mismatch for local_encoder.fusion.1.bias: copying a param with shape torch.Size([384]) from checkpoint, the shape in current model is torch.Size([512]).
	size mismatch for local_encoder.fusion.4.weight: copying a param with shape torch.Size([192, 384]) from checkpoint, the shape in current model is torch.Size([256, 512]).
	size mismatch for local_encoder.fusion.4.bias: copying a param with shape torch.Size([192]) from checkpoint, the shape in current model is torch.Size([256]).
	size mismatch for local_encoder.fusion.5.weight: copying a param with shape torch.Size([192]) from checkpoint, the shape in current model is torch.Size([256]).
	size mismatch for local_encoder.fusion.5.bias: copying a param with shape torch.Size([192]) from checkpoint, the shape in current model is torch.Size([256]).
	size mismatch for local_encoder.fusion.7.weight: copying a param with shape torch.Size([256, 192]) from checkpoint, the shape in current model is torch.Size([256, 256]).
	size mismatch for global_encoder.node_encoder.weight: copying a param with shape torch.Size([192, 14]) from checkpoint, the shape in current model is torch.Size([256, 14]).
	size mismatch for global_encoder.node_encoder.bias: copying a param with shape torch.Size([192]) from checkpoint, the shape in current model is torch.Size([256]).
	size mismatch for global_encoder.edge_encoder.weight: copying a param with shape torch.Size([192, 16]) from checkpoint, the shape in current model is torch.Size([256, 16]).
	size mismatch for global_encoder.edge_encoder.bias: copying a param with shape torch.Size([192]) from checkpoint, the shape in current model is torch.Size([256]).
	size mismatch for global_encoder.gnn_layers.0.bias: copying a param with shape torch.Size([192]) from checkpoint, the shape in current model is torch.Size([256]).
	size mismatch for global_encoder.gnn_layers.0.lin.weight: copying a param with shape torch.Size([192, 192]) from checkpoint, the shape in current model is torch.Size([256, 256]).
	size mismatch for global_encoder.gnn_layers.1.bias: copying a param with shape torch.Size([192]) from checkpoint, the shape in current model is torch.Size([256]).
	size mismatch for global_encoder.gnn_layers.1.lin.weight: copying a param with shape torch.Size([192, 192]) from checkpoint, the shape in current model is torch.Size([256, 256]).
	size mismatch for global_encoder.layer_norms.0.weight: copying a param with shape torch.Size([192]) from checkpoint, the shape in current model is torch.Size([256]).
	size mismatch for global_encoder.layer_norms.0.bias: copying a param with shape torch.Size([192]) from checkpoint, the shape in current model is torch.Size([256]).
	size mismatch for global_encoder.layer_norms.1.weight: copying a param with shape torch.Size([192]) from checkpoint, the shape in current model is torch.Size([256]).
	size mismatch for global_encoder.layer_norms.1.bias: copying a param with shape torch.Size([192]) from checkpoint, the shape in current model is torch.Size([256]).
	size mismatch for global_encoder.node_output.weight: copying a param with shape torch.Size([256, 192]) from checkpoint, the shape in current model is torch.Size([256, 256]).
	size mismatch for global_encoder.tpe_proj.weight: copying a param with shape torch.Size([192, 8]) from checkpoint, the shape in current model is torch.Size([256, 8]).
	size mismatch for global_encoder.tpe_proj.bias: copying a param with shape torch.Size([192]) from checkpoint, the shape in current model is torch.Size([256]).
	size mismatch for global_encoder.current_node_distance_proj.weight: copying a param with shape torch.Size([192, 4]) from checkpoint, the shape in current model is torch.Size([256, 4]).
	size mismatch for global_encoder.current_node_distance_proj.bias: copying a param with shape torch.Size([192]) from checkpoint, the shape in current model is torch.Size([256]).
	size mismatch for global_encoder.output_proj.0.weight: copying a param with shape torch.Size([256, 448]) from checkpoint, the shape in current model is torch.Size([256, 512]).
	size mismatch for style_proj.0.weight: copying a param with shape torch.Size([192, 128]) from checkpoint, the shape in current model is torch.Size([256, 128]).
	size mismatch for style_proj.0.bias: copying a param with shape torch.Size([192]) from checkpoint, the shape in current model is torch.Size([256]).
	size mismatch for style_proj.2.weight: copying a param with shape torch.Size([256, 192]) from checkpoint, the shape in current model is torch.Size([256, 256])."
NO_EVOLUTION,42,False,False,,,0.0,,,3.416135311126709,,,,,,,,,,,,,,,,False,0,,"RuntimeError: Error(s) in loading state_dict for DualStreamConditionEncoder:
	size mismatch for local_encoder.neighbor_encoders.N.weight: copying a param with shape torch.Size([192, 64]) from checkpoint, the shape in current model is torch.Size([256, 64]).
	size mismatch for local_encoder.neighbor_encoders.N.bias: copying a param with shape torch.Size([192]) from checkpoint, the shape in current model is torch.Size([256]).
	size mismatch for local_encoder.neighbor_encoders.S.weight: copying a param with shape torch.Size([192, 64]) from checkpoint, the shape in current model is torch.Size([256, 64]).
	size mismatch for local_encoder.neighbor_encoders.S.bias: copying a param with shape torch.Size([192]) from checkpoint, the shape in current model is torch.Size([256]).
	size mismatch for local_encoder.neighbor_encoders.E.weight: copying a param with shape torch.Size([192, 64]) from checkpoint, the shape in current model is torch.Size([256, 64]).
	size mismatch for local_encoder.neighbor_encoders.E.bias: copying a param with shape torch.Size([192]) from checkpoint, the shape in current model is torch.Size([256]).
	size mismatch for local_encoder.neighbor_encoders.W.weight: copying a param with shape torch.Size([192, 64]) from checkpoint, the shape in current model is torch.Size([256, 64]).
	size mismatch for local_encoder.neighbor_encoders.W.bias: copying a param with shape torch.Size([192]) from checkpoint, the shape in current model is torch.Size([256]).
	size mismatch for local_encoder.boundary_encoder.2.weight: copying a param with shape torch.Size([192, 16]) from checkpoint, the shape in current model is torch.Size([256, 16]).
	size mismatch for local_encoder.boundary_encoder.2.bias: copying a param with shape torch.Size([192]) from checkpoint, the shape in current model is torch.Size([256]).
	size mismatch for local_encoder.position_encoder.2.weight: copying a param with shape torch.Size([192, 32]) from checkpoint, the shape in current model is torch.Size([256, 32]).
	size mismatch for local_encoder.position_encoder.2.bias: copying a param with shape torch.Size([192]) from checkpoint, the shape in current model is torch.Size([256]).
	size mismatch for local_encoder.fusion.0.weight: copying a param with shape torch.Size([384, 1152]) from checkpoint, the shape in current model is torch.Size([512, 1536]).
	size mismatch for local_encoder.fusion.0.bias: copying a param with shape torch.Size([384]) from checkpoint, the shape in current model is torch.Size([512]).
	size mismatch for local_encoder.fusion.1.weight: copying a param with shape torch.Size([384]) from checkpoint, the shape in current model is torch.Size([512]).
	size mismatch for local_encoder.fusion.1.bias: copying a param with shape torch.Size([384]) from checkpoint, the shape in current model is torch.Size([512]).
	size mismatch for local_encoder.fusion.4.weight: copying a param with shape torch.Size([192, 384]) from checkpoint, the shape in current model is torch.Size([256, 512]).
	size mismatch for local_encoder.fusion.4.bias: copying a param with shape torch.Size([192]) from checkpoint, the shape in current model is torch.Size([256]).
	size mismatch for local_encoder.fusion.5.weight: copying a param with shape torch.Size([192]) from checkpoint, the shape in current model is torch.Size([256]).
	size mismatch for local_encoder.fusion.5.bias: copying a param with shape torch.Size([192]) from checkpoint, the shape in current model is torch.Size([256]).
	size mismatch for local_encoder.fusion.7.weight: copying a param with shape torch.Size([256, 192]) from checkpoint, the shape in current model is torch.Size([256, 256]).
	size mismatch for global_encoder.node_encoder.weight: copying a param with shape torch.Size([192, 14]) from checkpoint, the shape in current model is torch.Size([256, 14]).
	size mismatch for global_encoder.node_encoder.bias: copying a param with shape torch.Size([192]) from checkpoint, the shape in current model is torch.Size([256]).
	size mismatch for global_encoder.edge_encoder.weight: copying a param with shape torch.Size([192, 16]) from checkpoint, the shape in current model is torch.Size([256, 16]).
	size mismatch for global_encoder.edge_encoder.bias: copying a param with shape torch.Size([192]) from checkpoint, the shape in current model is torch.Size([256]).
	size mismatch for global_encoder.gnn_layers.0.bias: copying a param with shape torch.Size([192]) from checkpoint, the shape in current model is torch.Size([256]).
	size mismatch for global_encoder.gnn_layers.0.lin.weight: copying a param with shape torch.Size([192, 192]) from checkpoint, the shape in current model is torch.Size([256, 256]).
	size mismatch for global_encoder.gnn_layers.1.bias: copying a param with shape torch.Size([192]) from checkpoint, the shape in current model is torch.Size([256]).
	size mismatch for global_encoder.gnn_layers.1.lin.weight: copying a param with shape torch.Size([192, 192]) from checkpoint, the shape in current model is torch.Size([256, 256]).
	size mismatch for global_encoder.layer_norms.0.weight: copying a param with shape torch.Size([192]) from checkpoint, the shape in current model is torch.Size([256]).
	size mismatch for global_encoder.layer_norms.0.bias: copying a param with shape torch.Size([192]) from checkpoint, the shape in current model is torch.Size([256]).
	size mismatch for global_encoder.layer_norms.1.weight: copying a param with shape torch.Size([192]) from checkpoint, the shape in current model is torch.Size([256]).
	size mismatch for global_encoder.layer_norms.1.bias: copying a param with shape torch.Size([192]) from checkpoint, the shape in current model is torch.Size([256]).
	size mismatch for global_encoder.node_output.weight: copying a param with shape torch.Size([256, 192]) from checkpoint, the shape in current model is torch.Size([256, 256]).
	size mismatch for global_encoder.tpe_proj.weight: copying a param with shape torch.Size([192, 8]) from checkpoint, the shape in current model is torch.Size([256, 8]).
	size mismatch for global_encoder.tpe_proj.bias: copying a param with shape torch.Size([192]) from checkpoint, the shape in current model is torch.Size([256]).
	size mismatch for global_encoder.current_node_distance_proj.weight: copying a param with shape torch.Size([192, 4]) from checkpoint, the shape in current model is torch.Size([256, 4]).
	size mismatch for global_encoder.current_node_distance_proj.bias: copying a param with shape torch.Size([192]) from checkpoint, the shape in current model is torch.Size([256]).
	size mismatch for global_encoder.output_proj.0.weight: copying a param with shape torch.Size([256, 448]) from checkpoint, the shape in current model is torch.Size([256, 512]).
	size mismatch for style_proj.0.weight: copying a param with shape torch.Size([192, 128]) from checkpoint, the shape in current model is torch.Size([256, 128]).
	size mismatch for style_proj.0.bias: copying a param with shape torch.Size([192]) from checkpoint, the shape in current model is torch.Size([256]).
	size mismatch for style_proj.2.weight: copying a param with shape torch.Size([256, 192]) from checkpoint, the shape in current model is torch.Size([256, 256])."
NO_EVOLUTION,43,False,False,,,0.0,,,3.381357431411743,,,,,,,,,,,,,,,,False,0,,"RuntimeError: Error(s) in loading state_dict for DualStreamConditionEncoder:
	size mismatch for local_encoder.neighbor_encoders.N.weight: copying a param with shape torch.Size([192, 64]) from checkpoint, the shape in current model is torch.Size([256, 64]).
	size mismatch for local_encoder.neighbor_encoders.N.bias: copying a param with shape torch.Size([192]) from checkpoint, the shape in current model is torch.Size([256]).
	size mismatch for local_encoder.neighbor_encoders.S.weight: copying a param with shape torch.Size([192, 64]) from checkpoint, the shape in current model is torch.Size([256, 64]).
	size mismatch for local_encoder.neighbor_encoders.S.bias: copying a param with shape torch.Size([192]) from checkpoint, the shape in current model is torch.Size([256]).
	size mismatch for local_encoder.neighbor_encoders.E.weight: copying a param with shape torch.Size([192, 64]) from checkpoint, the shape in current model is torch.Size([256, 64]).
	size mismatch for local_encoder.neighbor_encoders.E.bias: copying a param with shape torch.Size([192]) from checkpoint, the shape in current model is torch.Size([256]).
	size mismatch for local_encoder.neighbor_encoders.W.weight: copying a param with shape torch.Size([192, 64]) from checkpoint, the shape in current model is torch.Size([256, 64]).
	size mismatch for local_encoder.neighbor_encoders.W.bias: copying a param with shape torch.Size([192]) from checkpoint, the shape in current model is torch.Size([256]).
	size mismatch for local_encoder.boundary_encoder.2.weight: copying a param with shape torch.Size([192, 16]) from checkpoint, the shape in current model is torch.Size([256, 16]).
	size mismatch for local_encoder.boundary_encoder.2.bias: copying a param with shape torch.Size([192]) from checkpoint, the shape in current model is torch.Size([256]).
	size mismatch for local_encoder.position_encoder.2.weight: copying a param with shape torch.Size([192, 32]) from checkpoint, the shape in current model is torch.Size([256, 32]).
	size mismatch for local_encoder.position_encoder.2.bias: copying a param with shape torch.Size([192]) from checkpoint, the shape in current model is torch.Size([256]).
	size mismatch for local_encoder.fusion.0.weight: copying a param with shape torch.Size([384, 1152]) from checkpoint, the shape in current model is torch.Size([512, 1536]).
	size mismatch for local_encoder.fusion.0.bias: copying a param with shape torch.Size([384]) from checkpoint, the shape in current model is torch.Size([512]).
	size mismatch for local_encoder.fusion.1.weight: copying a param with shape torch.Size([384]) from checkpoint, the shape in current model is torch.Size([512]).
	size mismatch for local_encoder.fusion.1.bias: copying a param with shape torch.Size([384]) from checkpoint, the shape in current model is torch.Size([512]).
	size mismatch for local_encoder.fusion.4.weight: copying a param with shape torch.Size([192, 384]) from checkpoint, the shape in current model is torch.Size([256, 512]).
	size mismatch for local_encoder.fusion.4.bias: copying a param with shape torch.Size([192]) from checkpoint, the shape in current model is torch.Size([256]).
	size mismatch for local_encoder.fusion.5.weight: copying a param with shape torch.Size([192]) from checkpoint, the shape in current model is torch.Size([256]).
	size mismatch for local_encoder.fusion.5.bias: copying a param with shape torch.Size([192]) from checkpoint, the shape in current model is torch.Size([256]).
	size mismatch for local_encoder.fusion.7.weight: copying a param with shape torch.Size([256, 192]) from checkpoint, the shape in current model is torch.Size([256, 256]).
	size mismatch for global_encoder.node_encoder.weight: copying a param with shape torch.Size([192, 14]) from checkpoint, the shape in current model is torch.Size([256, 14]).
	size mismatch for global_encoder.node_encoder.bias: copying a param with shape torch.Size([192]) from checkpoint, the shape in current model is torch.Size([256]).
	size mismatch for global_encoder.edge_encoder.weight: copying a param with shape torch.Size([192, 16]) from checkpoint, the shape in current model is torch.Size([256, 16]).
	size mismatch for global_encoder.edge_encoder.bias: copying a param with shape torch.Size([192]) from checkpoint, the shape in current model is torch.Size([256]).
	size mismatch for global_encoder.gnn_layers.0.bias: copying a param with shape torch.Size([192]) from checkpoint, the shape in current model is torch.Size([256]).
	size mismatch for global_encoder.gnn_layers.0.lin.weight: copying a param with shape torch.Size([192, 192]) from checkpoint, the shape in current model is torch.Size([256, 256]).
	size mismatch for global_encoder.gnn_layers.1.bias: copying a param with shape torch.Size([192]) from checkpoint, the shape in current model is torch.Size([256]).
	size mismatch for global_encoder.gnn_layers.1.lin.weight: copying a param with shape torch.Size([192, 192]) from checkpoint, the shape in current model is torch.Size([256, 256]).
	size mismatch for global_encoder.layer_norms.0.weight: copying a param with shape torch.Size([192]) from checkpoint, the shape in current model is torch.Size([256]).
	size mismatch for global_encoder.layer_norms.0.bias: copying a param with shape torch.Size([192]) from checkpoint, the shape in current model is torch.Size([256]).
	size mismatch for global_encoder.layer_norms.1.weight: copying a param with shape torch.Size([192]) from checkpoint, the shape in current model is torch.Size([256]).
	size mismatch for global_encoder.layer_norms.1.bias: copying a param with shape torch.Size([192]) from checkpoint, the shape in current model is torch.Size([256]).
	size mismatch for global_encoder.node_output.weight: copying a param with shape torch.Size([256, 192]) from checkpoint, the shape in current model is torch.Size([256, 256]).
	size mismatch for global_encoder.tpe_proj.weight: copying a param with shape torch.Size([192, 8]) from checkpoint, the shape in current model is torch.Size([256, 8]).
	size mismatch for global_encoder.tpe_proj.bias: copying a param with shape torch.Size([192]) from checkpoint, the shape in current model is torch.Size([256]).
	size mismatch for global_encoder.current_node_distance_proj.weight: copying a param with shape torch.Size([192, 4]) from checkpoint, the shape in current model is torch.Size([256, 4]).
	size mismatch for global_encoder.current_node_distance_proj.bias: copying a param with shape torch.Size([192]) from checkpoint, the shape in current model is torch.Size([256]).
	size mismatch for global_encoder.output_proj.0.weight: copying a param with shape torch.Size([256, 448]) from checkpoint, the shape in current model is torch.Size([256, 512]).
	size mismatch for style_proj.0.weight: copying a param with shape torch.Size([192, 128]) from checkpoint, the shape in current model is torch.Size([256, 128]).
	size mismatch for style_proj.0.bias: copying a param with shape torch.Size([192]) from checkpoint, the shape in current model is torch.Size([256]).
	size mismatch for style_proj.2.weight: copying a param with shape torch.Size([256, 192]) from checkpoint, the shape in current model is torch.Size([256, 256])."
RANDOM_TOPOLOGY,42,False,False,,,0.0,,,3.2090773582458496,,,,,,,,,,,,,,,,False,0,,"RuntimeError: Error(s) in loading state_dict for DualStreamConditionEncoder:
	size mismatch for local_encoder.neighbor_encoders.N.weight: copying a param with shape torch.Size([192, 64]) from checkpoint, the shape in current model is torch.Size([256, 64]).
	size mismatch for local_encoder.neighbor_encoders.N.bias: copying a param with shape torch.Size([192]) from checkpoint, the shape in current model is torch.Size([256]).
	size mismatch for local_encoder.neighbor_encoders.S.weight: copying a param with shape torch.Size([192, 64]) from checkpoint, the shape in current model is torch.Size([256, 64]).
	size mismatch for local_encoder.neighbor_encoders.S.bias: copying a param with shape torch.Size([192]) from checkpoint, the shape in current model is torch.Size([256]).
	size mismatch for local_encoder.neighbor_encoders.E.weight: copying a param with shape torch.Size([192, 64]) from checkpoint, the shape in current model is torch.Size([256, 64]).
	size mismatch for local_encoder.neighbor_encoders.E.bias: copying a param with shape torch.Size([192]) from checkpoint, the shape in current model is torch.Size([256]).
	size mismatch for local_encoder.neighbor_encoders.W.weight: copying a param with shape torch.Size([192, 64]) from checkpoint, the shape in current model is torch.Size([256, 64]).
	size mismatch for local_encoder.neighbor_encoders.W.bias: copying a param with shape torch.Size([192]) from checkpoint, the shape in current model is torch.Size([256]).
	size mismatch for local_encoder.boundary_encoder.2.weight: copying a param with shape torch.Size([192, 16]) from checkpoint, the shape in current model is torch.Size([256, 16]).
	size mismatch for local_encoder.boundary_encoder.2.bias: copying a param with shape torch.Size([192]) from checkpoint, the shape in current model is torch.Size([256]).
	size mismatch for local_encoder.position_encoder.2.weight: copying a param with shape torch.Size([192, 32]) from checkpoint, the shape in current model is torch.Size([256, 32]).
	size mismatch for local_encoder.position_encoder.2.bias: copying a param with shape torch.Size([192]) from checkpoint, the shape in current model is torch.Size([256]).
	size mismatch for local_encoder.fusion.0.weight: copying a param with shape torch.Size([384, 1152]) from checkpoint, the shape in current model is torch.Size([512, 1536]).
	size mismatch for local_encoder.fusion.0.bias: copying a param with shape torch.Size([384]) from checkpoint, the shape in current model is torch.Size([512]).
	size mismatch for local_encoder.fusion.1.weight: copying a param with shape torch.Size([384]) from checkpoint, the shape in current model is torch.Size([512]).
	size mismatch for local_encoder.fusion.1.bias: copying a param with shape torch.Size([384]) from checkpoint, the shape in current model is torch.Size([512]).
	size mismatch for local_encoder.fusion.4.weight: copying a param with shape torch.Size([192, 384]) from checkpoint, the shape in current model is torch.Size([256, 512]).
	size mismatch for local_encoder.fusion.4.bias: copying a param with shape torch.Size([192]) from checkpoint, the shape in current model is torch.Size([256]).
	size mismatch for local_encoder.fusion.5.weight: copying a param with shape torch.Size([192]) from checkpoint, the shape in current model is torch.Size([256]).
	size mismatch for local_encoder.fusion.5.bias: copying a param with shape torch.Size([192]) from checkpoint, the shape in current model is torch.Size([256]).
	size mismatch for local_encoder.fusion.7.weight: copying a param with shape torch.Size([256, 192]) from checkpoint, the shape in current model is torch.Size([256, 256]).
	size mismatch for global_encoder.node_encoder.weight: copying a param with shape torch.Size([192, 14]) from checkpoint, the shape in current model is torch.Size([256, 14]).
	size mismatch for global_encoder.node_encoder.bias: copying a param with shape torch.Size([192]) from checkpoint, the shape in current model is torch.Size([256]).
	size mismatch for global_encoder.edge_encoder.weight: copying a param with shape torch.Size([192, 16]) from checkpoint, the shape in current model is torch.Size([256, 16]).
	size mismatch for global_encoder.edge_encoder.bias: copying a param with shape torch.Size([192]) from checkpoint, the shape in current model is torch.Size([256]).
	size mismatch for global_encoder.gnn_layers.0.bias: copying a param with shape torch.Size([192]) from checkpoint, the shape in current model is torch.Size([256]).
	size mismatch for global_encoder.gnn_layers.0.lin.weight: copying a param with shape torch.Size([192, 192]) from checkpoint, the shape in current model is torch.Size([256, 256]).
	size mismatch for global_encoder.gnn_layers.1.bias: copying a param with shape torch.Size([192]) from checkpoint, the shape in current model is torch.Size([256]).
	size mismatch for global_encoder.gnn_layers.1.lin.weight: copying a param with shape torch.Size([192, 192]) from checkpoint, the shape in current model is torch.Size([256, 256]).
	size mismatch for global_encoder.layer_norms.0.weight: copying a param with shape torch.Size([192]) from checkpoint, the shape in current model is torch.Size([256]).
	size mismatch for global_encoder.layer_norms.0.bias: copying a param with shape torch.Size([192]) from checkpoint, the shape in current model is torch.Size([256]).
	size mismatch for global_encoder.layer_norms.1.weight: copying a param with shape torch.Size([192]) from checkpoint, the shape in current model is torch.Size([256]).
	size mismatch for global_encoder.layer_norms.1.bias: copying a param with shape torch.Size([192]) from checkpoint, the shape in current model is torch.Size([256]).
	size mismatch for global_encoder.node_output.weight: copying a param with shape torch.Size([256, 192]) from checkpoint, the shape in current model is torch.Size([256, 256]).
	size mismatch for global_encoder.tpe_proj.weight: copying a param with shape torch.Size([192, 8]) from checkpoint, the shape in current model is torch.Size([256, 8]).
	size mismatch for global_encoder.tpe_proj.bias: copying a param with shape torch.Size([192]) from checkpoint, the shape in current model is torch.Size([256]).
	size mismatch for global_encoder.current_node_distance_proj.weight: copying a param with shape torch.Size([192, 4]) from checkpoint, the shape in current model is torch.Size([256, 4]).
	size mismatch for global_encoder.current_node_distance_proj.bias: copying a param with shape torch.Size([192]) from checkpoint, the shape in current model is torch.Size([256]).
	size mismatch for global_encoder.output_proj.0.weight: copying a param with shape torch.Size([256, 448]) from checkpoint, the shape in current model is torch.Size([256, 512]).
	size mismatch for style_proj.0.weight: copying a param with shape torch.Size([192, 128]) from checkpoint, the shape in current model is torch.Size([256, 128]).
	size mismatch for style_proj.0.bias: copying a param with shape torch.Size([192]) from checkpoint, the shape in current model is torch.Size([256]).
	size mismatch for style_proj.2.weight: copying a param with shape torch.Size([256, 192]) from checkpoint, the shape in current model is torch.Size([256, 256])."
RANDOM_TOPOLOGY,43,False,False,,,0.0,,,3.3885750770568848,,,,,,,,,,,,,,,,False,0,,"RuntimeError: Error(s) in loading state_dict for DualStreamConditionEncoder:
	size mismatch for local_encoder.neighbor_encoders.N.weight: copying a param with shape torch.Size([192, 64]) from checkpoint, the shape in current model is torch.Size([256, 64]).
	size mismatch for local_encoder.neighbor_encoders.N.bias: copying a param with shape torch.Size([192]) from checkpoint, the shape in current model is torch.Size([256]).
	size mismatch for local_encoder.neighbor_encoders.S.weight: copying a param with shape torch.Size([192, 64]) from checkpoint, the shape in current model is torch.Size([256, 64]).
	size mismatch for local_encoder.neighbor_encoders.S.bias: copying a param with shape torch.Size([192]) from checkpoint, the shape in current model is torch.Size([256]).
	size mismatch for local_encoder.neighbor_encoders.E.weight: copying a param with shape torch.Size([192, 64]) from checkpoint, the shape in current model is torch.Size([256, 64]).
	size mismatch for local_encoder.neighbor_encoders.E.bias: copying a param with shape torch.Size([192]) from checkpoint, the shape in current model is torch.Size([256]).
	size mismatch for local_encoder.neighbor_encoders.W.weight: copying a param with shape torch.Size([192, 64]) from checkpoint, the shape in current model is torch.Size([256, 64]).
	size mismatch for local_encoder.neighbor_encoders.W.bias: copying a param with shape torch.Size([192]) from checkpoint, the shape in current model is torch.Size([256]).
	size mismatch for local_encoder.boundary_encoder.2.weight: copying a param with shape torch.Size([192, 16]) from checkpoint, the shape in current model is torch.Size([256, 16]).
	size mismatch for local_encoder.boundary_encoder.2.bias: copying a param with shape torch.Size([192]) from checkpoint, the shape in current model is torch.Size([256]).
	size mismatch for local_encoder.position_encoder.2.weight: copying a param with shape torch.Size([192, 32]) from checkpoint, the shape in current model is torch.Size([256, 32]).
	size mismatch for local_encoder.position_encoder.2.bias: copying a param with shape torch.Size([192]) from checkpoint, the shape in current model is torch.Size([256]).
	size mismatch for local_encoder.fusion.0.weight: copying a param with shape torch.Size([384, 1152]) from checkpoint, the shape in current model is torch.Size([512, 1536]).
	size mismatch for local_encoder.fusion.0.bias: copying a param with shape torch.Size([384]) from checkpoint, the shape in current model is torch.Size([512]).
	size mismatch for local_encoder.fusion.1.weight: copying a param with shape torch.Size([384]) from checkpoint, the shape in current model is torch.Size([512]).
	size mismatch for local_encoder.fusion.1.bias: copying a param with shape torch.Size([384]) from checkpoint, the shape in current model is torch.Size([512]).
	size mismatch for local_encoder.fusion.4.weight: copying a param with shape torch.Size([192, 384]) from checkpoint, the shape in current model is torch.Size([256, 512]).
	size mismatch for local_encoder.fusion.4.bias: copying a param with shape torch.Size([192]) from checkpoint, the shape in current model is torch.Size([256]).
	size mismatch for local_encoder.fusion.5.weight: copying a param with shape torch.Size([192]) from checkpoint, the shape in current model is torch.Size([256]).
	size mismatch for local_encoder.fusion.5.bias: copying a param with shape torch.Size([192]) from checkpoint, the shape in current model is torch.Size([256]).
	size mismatch for local_encoder.fusion.7.weight: copying a param with shape torch.Size([256, 192]) from checkpoint, the shape in current model is torch.Size([256, 256]).
	size mismatch for global_encoder.node_encoder.weight: copying a param with shape torch.Size([192, 14]) from checkpoint, the shape in current model is torch.Size([256, 14]).
	size mismatch for global_encoder.node_encoder.bias: copying a param with shape torch.Size([192]) from checkpoint, the shape in current model is torch.Size([256]).
	size mismatch for global_encoder.edge_encoder.weight: copying a param with shape torch.Size([192, 16]) from checkpoint, the shape in current model is torch.Size([256, 16]).
	size mismatch for global_encoder.edge_encoder.bias: copying a param with shape torch.Size([192]) from checkpoint, the shape in current model is torch.Size([256]).
	size mismatch for global_encoder.gnn_layers.0.bias: copying a param with shape torch.Size([192]) from checkpoint, the shape in current model is torch.Size([256]).
	size mismatch for global_encoder.gnn_layers.0.lin.weight: copying a param with shape torch.Size([192, 192]) from checkpoint, the shape in current model is torch.Size([256, 256]).
	size mismatch for global_encoder.gnn_layers.1.bias: copying a param with shape torch.Size([192]) from checkpoint, the shape in current model is torch.Size([256]).
	size mismatch for global_encoder.gnn_layers.1.lin.weight: copying a param with shape torch.Size([192, 192]) from checkpoint, the shape in current model is torch.Size([256, 256]).
	size mismatch for global_encoder.layer_norms.0.weight: copying a param with shape torch.Size([192]) from checkpoint, the shape in current model is torch.Size([256]).
	size mismatch for global_encoder.layer_norms.0.bias: copying a param with shape torch.Size([192]) from checkpoint, the shape in current model is torch.Size([256]).
	size mismatch for global_encoder.layer_norms.1.weight: copying a param with shape torch.Size([192]) from checkpoint, the shape in current model is torch.Size([256]).
	size mismatch for global_encoder.layer_norms.1.bias: copying a param with shape torch.Size([192]) from checkpoint, the shape in current model is torch.Size([256]).
	size mismatch for global_encoder.node_output.weight: copying a param with shape torch.Size([256, 192]) from checkpoint, the shape in current model is torch.Size([256, 256]).
	size mismatch for global_encoder.tpe_proj.weight: copying a param with shape torch.Size([192, 8]) from checkpoint, the shape in current model is torch.Size([256, 8]).
	size mismatch for global_encoder.tpe_proj.bias: copying a param with shape torch.Size([192]) from checkpoint, the shape in current model is torch.Size([256]).
	size mismatch for global_encoder.current_node_distance_proj.weight: copying a param with shape torch.Size([192, 4]) from checkpoint, the shape in current model is torch.Size([256, 4]).
	size mismatch for global_encoder.current_node_distance_proj.bias: copying a param with shape torch.Size([192]) from checkpoint, the shape in current model is torch.Size([256]).
	size mismatch for global_encoder.output_proj.0.weight: copying a param with shape torch.Size([256, 448]) from checkpoint, the shape in current model is torch.Size([256, 512]).
	size mismatch for style_proj.0.weight: copying a param with shape torch.Size([192, 128]) from checkpoint, the shape in current model is torch.Size([256, 128]).
	size mismatch for style_proj.0.bias: copying a param with shape torch.Size([192]) from checkpoint, the shape in current model is torch.Size([256]).
	size mismatch for style_proj.2.weight: copying a param with shape torch.Size([256, 192]) from checkpoint, the shape in current model is torch.Size([256, 256])."
NO_WFC,42,False,False,,,0.0,,,3.3206233978271484,,,,,,,,,,,,,,,,False,0,,"RuntimeError: Error(s) in loading state_dict for DualStreamConditionEncoder:
	size mismatch for local_encoder.neighbor_encoders.N.weight: copying a param with shape torch.Size([192, 64]) from checkpoint, the shape in current model is torch.Size([256, 64]).
	size mismatch for local_encoder.neighbor_encoders.N.bias: copying a param with shape torch.Size([192]) from checkpoint, the shape in current model is torch.Size([256]).
	size mismatch for local_encoder.neighbor_encoders.S.weight: copying a param with shape torch.Size([192, 64]) from checkpoint, the shape in current model is torch.Size([256, 64]).
	size mismatch for local_encoder.neighbor_encoders.S.bias: copying a param with shape torch.Size([192]) from checkpoint, the shape in current model is torch.Size([256]).
	size mismatch for local_encoder.neighbor_encoders.E.weight: copying a param with shape torch.Size([192, 64]) from checkpoint, the shape in current model is torch.Size([256, 64]).
	size mismatch for local_encoder.neighbor_encoders.E.bias: copying a param with shape torch.Size([192]) from checkpoint, the shape in current model is torch.Size([256]).
	size mismatch for local_encoder.neighbor_encoders.W.weight: copying a param with shape torch.Size([192, 64]) from checkpoint, the shape in current model is torch.Size([256, 64]).
	size mismatch for local_encoder.neighbor_encoders.W.bias: copying a param with shape torch.Size([192]) from checkpoint, the shape in current model is torch.Size([256]).
	size mismatch for local_encoder.boundary_encoder.2.weight: copying a param with shape torch.Size([192, 16]) from checkpoint, the shape in current model is torch.Size([256, 16]).
	size mismatch for local_encoder.boundary_encoder.2.bias: copying a param with shape torch.Size([192]) from checkpoint, the shape in current model is torch.Size([256]).
	size mismatch for local_encoder.position_encoder.2.weight: copying a param with shape torch.Size([192, 32]) from checkpoint, the shape in current model is torch.Size([256, 32]).
	size mismatch for local_encoder.position_encoder.2.bias: copying a param with shape torch.Size([192]) from checkpoint, the shape in current model is torch.Size([256]).
	size mismatch for local_encoder.fusion.0.weight: copying a param with shape torch.Size([384, 1152]) from checkpoint, the shape in current model is torch.Size([512, 1536]).
	size mismatch for local_encoder.fusion.0.bias: copying a param with shape torch.Size([384]) from checkpoint, the shape in current model is torch.Size([512]).
	size mismatch for local_encoder.fusion.1.weight: copying a param with shape torch.Size([384]) from checkpoint, the shape in current model is torch.Size([512]).
	size mismatch for local_encoder.fusion.1.bias: copying a param with shape torch.Size([384]) from checkpoint, the shape in current model is torch.Size([512]).
	size mismatch for local_encoder.fusion.4.weight: copying a param with shape torch.Size([192, 384]) from checkpoint, the shape in current model is torch.Size([256, 512]).
	size mismatch for local_encoder.fusion.4.bias: copying a param with shape torch.Size([192]) from checkpoint, the shape in current model is torch.Size([256]).
	size mismatch for local_encoder.fusion.5.weight: copying a param with shape torch.Size([192]) from checkpoint, the shape in current model is torch.Size([256]).
	size mismatch for local_encoder.fusion.5.bias: copying a param with shape torch.Size([192]) from checkpoint, the shape in current model is torch.Size([256]).
	size mismatch for local_encoder.fusion.7.weight: copying a param with shape torch.Size([256, 192]) from checkpoint, the shape in current model is torch.Size([256, 256]).
	size mismatch for global_encoder.node_encoder.weight: copying a param with shape torch.Size([192, 14]) from checkpoint, the shape in current model is torch.Size([256, 14]).
	size mismatch for global_encoder.node_encoder.bias: copying a param with shape torch.Size([192]) from checkpoint, the shape in current model is torch.Size([256]).
	size mismatch for global_encoder.edge_encoder.weight: copying a param with shape torch.Size([192, 16]) from checkpoint, the shape in current model is torch.Size([256, 16]).
	size mismatch for global_encoder.edge_encoder.bias: copying a param with shape torch.Size([192]) from checkpoint, the shape in current model is torch.Size([256]).
	size mismatch for global_encoder.gnn_layers.0.bias: copying a param with shape torch.Size([192]) from checkpoint, the shape in current model is torch.Size([256]).
	size mismatch for global_encoder.gnn_layers.0.lin.weight: copying a param with shape torch.Size([192, 192]) from checkpoint, the shape in current model is torch.Size([256, 256]).
	size mismatch for global_encoder.gnn_layers.1.bias: copying a param with shape torch.Size([192]) from checkpoint, the shape in current model is torch.Size([256]).
	size mismatch for global_encoder.gnn_layers.1.lin.weight: copying a param with shape torch.Size([192, 192]) from checkpoint, the shape in current model is torch.Size([256, 256]).
	size mismatch for global_encoder.layer_norms.0.weight: copying a param with shape torch.Size([192]) from checkpoint, the shape in current model is torch.Size([256]).
	size mismatch for global_encoder.layer_norms.0.bias: copying a param with shape torch.Size([192]) from checkpoint, the shape in current model is torch.Size([256]).
	size mismatch for global_encoder.layer_norms.1.weight: copying a param with shape torch.Size([192]) from checkpoint, the shape in current model is torch.Size([256]).
	size mismatch for global_encoder.layer_norms.1.bias: copying a param with shape torch.Size([192]) from checkpoint, the shape in current model is torch.Size([256]).
	size mismatch for global_encoder.node_output.weight: copying a param with shape torch.Size([256, 192]) from checkpoint, the shape in current model is torch.Size([256, 256]).
	size mismatch for global_encoder.tpe_proj.weight: copying a param with shape torch.Size([192, 8]) from checkpoint, the shape in current model is torch.Size([256, 8]).
	size mismatch for global_encoder.tpe_proj.bias: copying a param with shape torch.Size([192]) from checkpoint, the shape in current model is torch.Size([256]).
	size mismatch for global_encoder.current_node_distance_proj.weight: copying a param with shape torch.Size([192, 4]) from checkpoint, the shape in current model is torch.Size([256, 4]).
	size mismatch for global_encoder.current_node_distance_proj.bias: copying a param with shape torch.Size([192]) from checkpoint, the shape in current model is torch.Size([256]).
	size mismatch for global_encoder.output_proj.0.weight: copying a param with shape torch.Size([256, 448]) from checkpoint, the shape in current model is torch.Size([256, 512]).
	size mismatch for style_proj.0.weight: copying a param with shape torch.Size([192, 128]) from checkpoint, the shape in current model is torch.Size([256, 128]).
	size mismatch for style_proj.0.bias: copying a param with shape torch.Size([192]) from checkpoint, the shape in current model is torch.Size([256]).
	size mismatch for style_proj.2.weight: copying a param with shape torch.Size([256, 192]) from checkpoint, the shape in current model is torch.Size([256, 256])."
NO_WFC,43,False,False,,,0.0,,,3.234663486480713,,,,,,,,,,,,,,,,False,0,,"RuntimeError: Error(s) in loading state_dict for DualStreamConditionEncoder:
	size mismatch for local_encoder.neighbor_encoders.N.weight: copying a param with shape torch.Size([192, 64]) from checkpoint, the shape in current model is torch.Size([256, 64]).
	size mismatch for local_encoder.neighbor_encoders.N.bias: copying a param with shape torch.Size([192]) from checkpoint, the shape in current model is torch.Size([256]).
	size mismatch for local_encoder.neighbor_encoders.S.weight: copying a param with shape torch.Size([192, 64]) from checkpoint, the shape in current model is torch.Size([256, 64]).
	size mismatch for local_encoder.neighbor_encoders.S.bias: copying a param with shape torch.Size([192]) from checkpoint, the shape in current model is torch.Size([256]).
	size mismatch for local_encoder.neighbor_encoders.E.weight: copying a param with shape torch.Size([192, 64]) from checkpoint, the shape in current model is torch.Size([256, 64]).
	size mismatch for local_encoder.neighbor_encoders.E.bias: copying a param with shape torch.Size([192]) from checkpoint, the shape in current model is torch.Size([256]).
	size mismatch for local_encoder.neighbor_encoders.W.weight: copying a param with shape torch.Size([192, 64]) from checkpoint, the shape in current model is torch.Size([256, 64]).
	size mismatch for local_encoder.neighbor_encoders.W.bias: copying a param with shape torch.Size([192]) from checkpoint, the shape in current model is torch.Size([256]).
	size mismatch for local_encoder.boundary_encoder.2.weight: copying a param with shape torch.Size([192, 16]) from checkpoint, the shape in current model is torch.Size([256, 16]).
	size mismatch for local_encoder.boundary_encoder.2.bias: copying a param with shape torch.Size([192]) from checkpoint, the shape in current model is torch.Size([256]).
	size mismatch for local_encoder.position_encoder.2.weight: copying a param with shape torch.Size([192, 32]) from checkpoint, the shape in current model is torch.Size([256, 32]).
	size mismatch for local_encoder.position_encoder.2.bias: copying a param with shape torch.Size([192]) from checkpoint, the shape in current model is torch.Size([256]).
	size mismatch for local_encoder.fusion.0.weight: copying a param with shape torch.Size([384, 1152]) from checkpoint, the shape in current model is torch.Size([512, 1536]).
	size mismatch for local_encoder.fusion.0.bias: copying a param with shape torch.Size([384]) from checkpoint, the shape in current model is torch.Size([512]).
	size mismatch for local_encoder.fusion.1.weight: copying a param with shape torch.Size([384]) from checkpoint, the shape in current model is torch.Size([512]).
	size mismatch for local_encoder.fusion.1.bias: copying a param with shape torch.Size([384]) from checkpoint, the shape in current model is torch.Size([512]).
	size mismatch for local_encoder.fusion.4.weight: copying a param with shape torch.Size([192, 384]) from checkpoint, the shape in current model is torch.Size([256, 512]).
	size mismatch for local_encoder.fusion.4.bias: copying a param with shape torch.Size([192]) from checkpoint, the shape in current model is torch.Size([256]).
	size mismatch for local_encoder.fusion.5.weight: copying a param with shape torch.Size([192]) from checkpoint, the shape in current model is torch.Size([256]).
	size mismatch for local_encoder.fusion.5.bias: copying a param with shape torch.Size([192]) from checkpoint, the shape in current model is torch.Size([256]).
	size mismatch for local_encoder.fusion.7.weight: copying a param with shape torch.Size([256, 192]) from checkpoint, the shape in current model is torch.Size([256, 256]).
	size mismatch for global_encoder.node_encoder.weight: copying a param with shape torch.Size([192, 14]) from checkpoint, the shape in current model is torch.Size([256, 14]).
	size mismatch for global_encoder.node_encoder.bias: copying a param with shape torch.Size([192]) from checkpoint, the shape in current model is torch.Size([256]).
	size mismatch for global_encoder.edge_encoder.weight: copying a param with shape torch.Size([192, 16]) from checkpoint, the shape in current model is torch.Size([256, 16]).
	size mismatch for global_encoder.edge_encoder.bias: copying a param with shape torch.Size([192]) from checkpoint, the shape in current model is torch.Size([256]).
	size mismatch for global_encoder.gnn_layers.0.bias: copying a param with shape torch.Size([192]) from checkpoint, the shape in current model is torch.Size([256]).
	size mismatch for global_encoder.gnn_layers.0.lin.weight: copying a param with shape torch.Size([192, 192]) from checkpoint, the shape in current model is torch.Size([256, 256]).
	size mismatch for global_encoder.gnn_layers.1.bias: copying a param with shape torch.Size([192]) from checkpoint, the shape in current model is torch.Size([256]).
	size mismatch for global_encoder.gnn_layers.1.lin.weight: copying a param with shape torch.Size([192, 192]) from checkpoint, the shape in current model is torch.Size([256, 256]).
	size mismatch for global_encoder.layer_norms.0.weight: copying a param with shape torch.Size([192]) from checkpoint, the shape in current model is torch.Size([256]).
	size mismatch for global_encoder.layer_norms.0.bias: copying a param with shape torch.Size([192]) from checkpoint, the shape in current model is torch.Size([256]).
	size mismatch for global_encoder.layer_norms.1.weight: copying a param with shape torch.Size([192]) from checkpoint, the shape in current model is torch.Size([256]).
	size mismatch for global_encoder.layer_norms.1.bias: copying a param with shape torch.Size([192]) from checkpoint, the shape in current model is torch.Size([256]).
	size mismatch for global_encoder.node_output.weight: copying a param with shape torch.Size([256, 192]) from checkpoint, the shape in current model is torch.Size([256, 256]).
	size mismatch for global_encoder.tpe_proj.weight: copying a param with shape torch.Size([192, 8]) from checkpoint, the shape in current model is torch.Size([256, 8]).
	size mismatch for global_encoder.tpe_proj.bias: copying a param with shape torch.Size([192]) from checkpoint, the shape in current model is torch.Size([256]).
	size mismatch for global_encoder.current_node_distance_proj.weight: copying a param with shape torch.Size([192, 4]) from checkpoint, the shape in current model is torch.Size([256, 4]).
	size mismatch for global_encoder.current_node_distance_proj.bias: copying a param with shape torch.Size([192]) from checkpoint, the shape in current model is torch.Size([256]).
	size mismatch for global_encoder.output_proj.0.weight: copying a param with shape torch.Size([256, 448]) from checkpoint, the shape in current model is torch.Size([256, 512]).
	size mismatch for style_proj.0.weight: copying a param with shape torch.Size([192, 128]) from checkpoint, the shape in current model is torch.Size([256, 128]).
	size mismatch for style_proj.0.bias: copying a param with shape torch.Size([192]) from checkpoint, the shape in current model is torch.Size([256]).
	size mismatch for style_proj.2.weight: copying a param with shape torch.Size([256, 192]) from checkpoint, the shape in current model is torch.Size([256, 256])."
NO_LOGIC,42,False,False,,,0.0,,,3.2839174270629883,,,,,,,,,,,,,,,,False,0,,"RuntimeError: Error(s) in loading state_dict for DualStreamConditionEncoder:
	size mismatch for local_encoder.neighbor_encoders.N.weight: copying a param with shape torch.Size([192, 64]) from checkpoint, the shape in current model is torch.Size([256, 64]).
	size mismatch for local_encoder.neighbor_encoders.N.bias: copying a param with shape torch.Size([192]) from checkpoint, the shape in current model is torch.Size([256]).
	size mismatch for local_encoder.neighbor_encoders.S.weight: copying a param with shape torch.Size([192, 64]) from checkpoint, the shape in current model is torch.Size([256, 64]).
	size mismatch for local_encoder.neighbor_encoders.S.bias: copying a param with shape torch.Size([192]) from checkpoint, the shape in current model is torch.Size([256]).
	size mismatch for local_encoder.neighbor_encoders.E.weight: copying a param with shape torch.Size([192, 64]) from checkpoint, the shape in current model is torch.Size([256, 64]).
	size mismatch for local_encoder.neighbor_encoders.E.bias: copying a param with shape torch.Size([192]) from checkpoint, the shape in current model is torch.Size([256]).
	size mismatch for local_encoder.neighbor_encoders.W.weight: copying a param with shape torch.Size([192, 64]) from checkpoint, the shape in current model is torch.Size([256, 64]).
	size mismatch for local_encoder.neighbor_encoders.W.bias: copying a param with shape torch.Size([192]) from checkpoint, the shape in current model is torch.Size([256]).
	size mismatch for local_encoder.boundary_encoder.2.weight: copying a param with shape torch.Size([192, 16]) from checkpoint, the shape in current model is torch.Size([256, 16]).
	size mismatch for local_encoder.boundary_encoder.2.bias: copying a param with shape torch.Size([192]) from checkpoint, the shape in current model is torch.Size([256]).
	size mismatch for local_encoder.position_encoder.2.weight: copying a param with shape torch.Size([192, 32]) from checkpoint, the shape in current model is torch.Size([256, 32]).
	size mismatch for local_encoder.position_encoder.2.bias: copying a param with shape torch.Size([192]) from checkpoint, the shape in current model is torch.Size([256]).
	size mismatch for local_encoder.fusion.0.weight: copying a param with shape torch.Size([384, 1152]) from checkpoint, the shape in current model is torch.Size([512, 1536]).
	size mismatch for local_encoder.fusion.0.bias: copying a param with shape torch.Size([384]) from checkpoint, the shape in current model is torch.Size([512]).
	size mismatch for local_encoder.fusion.1.weight: copying a param with shape torch.Size([384]) from checkpoint, the shape in current model is torch.Size([512]).
	size mismatch for local_encoder.fusion.1.bias: copying a param with shape torch.Size([384]) from checkpoint, the shape in current model is torch.Size([512]).
	size mismatch for local_encoder.fusion.4.weight: copying a param with shape torch.Size([192, 384]) from checkpoint, the shape in current model is torch.Size([256, 512]).
	size mismatch for local_encoder.fusion.4.bias: copying a param with shape torch.Size([192]) from checkpoint, the shape in current model is torch.Size([256]).
	size mismatch for local_encoder.fusion.5.weight: copying a param with shape torch.Size([192]) from checkpoint, the shape in current model is torch.Size([256]).
	size mismatch for local_encoder.fusion.5.bias: copying a param with shape torch.Size([192]) from checkpoint, the shape in current model is torch.Size([256]).
	size mismatch for local_encoder.fusion.7.weight: copying a param with shape torch.Size([256, 192]) from checkpoint, the shape in current model is torch.Size([256, 256]).
	size mismatch for global_encoder.node_encoder.weight: copying a param with shape torch.Size([192, 14]) from checkpoint, the shape in current model is torch.Size([256, 14]).
	size mismatch for global_encoder.node_encoder.bias: copying a param with shape torch.Size([192]) from checkpoint, the shape in current model is torch.Size([256]).
	size mismatch for global_encoder.edge_encoder.weight: copying a param with shape torch.Size([192, 16]) from checkpoint, the shape in current model is torch.Size([256, 16]).
	size mismatch for global_encoder.edge_encoder.bias: copying a param with shape torch.Size([192]) from checkpoint, the shape in current model is torch.Size([256]).
	size mismatch for global_encoder.gnn_layers.0.bias: copying a param with shape torch.Size([192]) from checkpoint, the shape in current model is torch.Size([256]).
	size mismatch for global_encoder.gnn_layers.0.lin.weight: copying a param with shape torch.Size([192, 192]) from checkpoint, the shape in current model is torch.Size([256, 256]).
	size mismatch for global_encoder.gnn_layers.1.bias: copying a param with shape torch.Size([192]) from checkpoint, the shape in current model is torch.Size([256]).
	size mismatch for global_encoder.gnn_layers.1.lin.weight: copying a param with shape torch.Size([192, 192]) from checkpoint, the shape in current model is torch.Size([256, 256]).
	size mismatch for global_encoder.layer_norms.0.weight: copying a param with shape torch.Size([192]) from checkpoint, the shape in current model is torch.Size([256]).
	size mismatch for global_encoder.layer_norms.0.bias: copying a param with shape torch.Size([192]) from checkpoint, the shape in current model is torch.Size([256]).
	size mismatch for global_encoder.layer_norms.1.weight: copying a param with shape torch.Size([192]) from checkpoint, the shape in current model is torch.Size([256]).
	size mismatch for global_encoder.layer_norms.1.bias: copying a param with shape torch.Size([192]) from checkpoint, the shape in current model is torch.Size([256]).
	size mismatch for global_encoder.node_output.weight: copying a param with shape torch.Size([256, 192]) from checkpoint, the shape in current model is torch.Size([256, 256]).
	size mismatch for global_encoder.tpe_proj.weight: copying a param with shape torch.Size([192, 8]) from checkpoint, the shape in current model is torch.Size([256, 8]).
	size mismatch for global_encoder.tpe_proj.bias: copying a param with shape torch.Size([192]) from checkpoint, the shape in current model is torch.Size([256]).
	size mismatch for global_encoder.current_node_distance_proj.weight: copying a param with shape torch.Size([192, 4]) from checkpoint, the shape in current model is torch.Size([256, 4]).
	size mismatch for global_encoder.current_node_distance_proj.bias: copying a param with shape torch.Size([192]) from checkpoint, the shape in current model is torch.Size([256]).
	size mismatch for global_encoder.output_proj.0.weight: copying a param with shape torch.Size([256, 448]) from checkpoint, the shape in current model is torch.Size([256, 512]).
	size mismatch for style_proj.0.weight: copying a param with shape torch.Size([192, 128]) from checkpoint, the shape in current model is torch.Size([256, 128]).
	size mismatch for style_proj.0.bias: copying a param with shape torch.Size([192]) from checkpoint, the shape in current model is torch.Size([256]).
	size mismatch for style_proj.2.weight: copying a param with shape torch.Size([256, 192]) from checkpoint, the shape in current model is torch.Size([256, 256])."
NO_LOGIC,43,False,False,,,0.0,,,3.2174010276794434,,,,,,,,,,,,,,,,False,0,,"RuntimeError: Error(s) in loading state_dict for DualStreamConditionEncoder:
	size mismatch for local_encoder.neighbor_encoders.N.weight: copying a param with shape torch.Size([192, 64]) from checkpoint, the shape in current model is torch.Size([256, 64]).
	size mismatch for local_encoder.neighbor_encoders.N.bias: copying a param with shape torch.Size([192]) from checkpoint, the shape in current model is torch.Size([256]).
	size mismatch for local_encoder.neighbor_encoders.S.weight: copying a param with shape torch.Size([192, 64]) from checkpoint, the shape in current model is torch.Size([256, 64]).
	size mismatch for local_encoder.neighbor_encoders.S.bias: copying a param with shape torch.Size([192]) from checkpoint, the shape in current model is torch.Size([256]).
	size mismatch for local_encoder.neighbor_encoders.E.weight: copying a param with shape torch.Size([192, 64]) from checkpoint, the shape in current model is torch.Size([256, 64]).
	size mismatch for local_encoder.neighbor_encoders.E.bias: copying a param with shape torch.Size([192]) from checkpoint, the shape in current model is torch.Size([256]).
	size mismatch for local_encoder.neighbor_encoders.W.weight: copying a param with shape torch.Size([192, 64]) from checkpoint, the shape in current model is torch.Size([256, 64]).
	size mismatch for local_encoder.neighbor_encoders.W.bias: copying a param with shape torch.Size([192]) from checkpoint, the shape in current model is torch.Size([256]).
	size mismatch for local_encoder.boundary_encoder.2.weight: copying a param with shape torch.Size([192, 16]) from checkpoint, the shape in current model is torch.Size([256, 16]).
	size mismatch for local_encoder.boundary_encoder.2.bias: copying a param with shape torch.Size([192]) from checkpoint, the shape in current model is torch.Size([256]).
	size mismatch for local_encoder.position_encoder.2.weight: copying a param with shape torch.Size([192, 32]) from checkpoint, the shape in current model is torch.Size([256, 32]).
	size mismatch for local_encoder.position_encoder.2.bias: copying a param with shape torch.Size([192]) from checkpoint, the shape in current model is torch.Size([256]).
	size mismatch for local_encoder.fusion.0.weight: copying a param with shape torch.Size([384, 1152]) from checkpoint, the shape in current model is torch.Size([512, 1536]).
	size mismatch for local_encoder.fusion.0.bias: copying a param with shape torch.Size([384]) from checkpoint, the shape in current model is torch.Size([512]).
	size mismatch for local_encoder.fusion.1.weight: copying a param with shape torch.Size([384]) from checkpoint, the shape in current model is torch.Size([512]).
	size mismatch for local_encoder.fusion.1.bias: copying a param with shape torch.Size([384]) from checkpoint, the shape in current model is torch.Size([512]).
	size mismatch for local_encoder.fusion.4.weight: copying a param with shape torch.Size([192, 384]) from checkpoint, the shape in current model is torch.Size([256, 512]).
	size mismatch for local_encoder.fusion.4.bias: copying a param with shape torch.Size([192]) from checkpoint, the shape in current model is torch.Size([256]).
	size mismatch for local_encoder.fusion.5.weight: copying a param with shape torch.Size([192]) from checkpoint, the shape in current model is torch.Size([256]).
	size mismatch for local_encoder.fusion.5.bias: copying a param with shape torch.Size([192]) from checkpoint, the shape in current model is torch.Size([256]).
	size mismatch for local_encoder.fusion.7.weight: copying a param with shape torch.Size([256, 192]) from checkpoint, the shape in current model is torch.Size([256, 256]).
	size mismatch for global_encoder.node_encoder.weight: copying a param with shape torch.Size([192, 14]) from checkpoint, the shape in current model is torch.Size([256, 14]).
	size mismatch for global_encoder.node_encoder.bias: copying a param with shape torch.Size([192]) from checkpoint, the shape in current model is torch.Size([256]).
	size mismatch for global_encoder.edge_encoder.weight: copying a param with shape torch.Size([192, 16]) from checkpoint, the shape in current model is torch.Size([256, 16]).
	size mismatch for global_encoder.edge_encoder.bias: copying a param with shape torch.Size([192]) from checkpoint, the shape in current model is torch.Size([256]).
	size mismatch for global_encoder.gnn_layers.0.bias: copying a param with shape torch.Size([192]) from checkpoint, the shape in current model is torch.Size([256]).
	size mismatch for global_encoder.gnn_layers.0.lin.weight: copying a param with shape torch.Size([192, 192]) from checkpoint, the shape in current model is torch.Size([256, 256]).
	size mismatch for global_encoder.gnn_layers.1.bias: copying a param with shape torch.Size([192]) from checkpoint, the shape in current model is torch.Size([256]).
	size mismatch for global_encoder.gnn_layers.1.lin.weight: copying a param with shape torch.Size([192, 192]) from checkpoint, the shape in current model is torch.Size([256, 256]).
	size mismatch for global_encoder.layer_norms.0.weight: copying a param with shape torch.Size([192]) from checkpoint, the shape in current model is torch.Size([256]).
	size mismatch for global_encoder.layer_norms.0.bias: copying a param with shape torch.Size([192]) from checkpoint, the shape in current model is torch.Size([256]).
	size mismatch for global_encoder.layer_norms.1.weight: copying a param with shape torch.Size([192]) from checkpoint, the shape in current model is torch.Size([256]).
	size mismatch for global_encoder.layer_norms.1.bias: copying a param with shape torch.Size([192]) from checkpoint, the shape in current model is torch.Size([256]).
	size mismatch for global_encoder.node_output.weight: copying a param with shape torch.Size([256, 192]) from checkpoint, the shape in current model is torch.Size([256, 256]).
	size mismatch for global_encoder.tpe_proj.weight: copying a param with shape torch.Size([192, 8]) from checkpoint, the shape in current model is torch.Size([256, 8]).
	size mismatch for global_encoder.tpe_proj.bias: copying a param with shape torch.Size([192]) from checkpoint, the shape in current model is torch.Size([256]).
	size mismatch for global_encoder.current_node_distance_proj.weight: copying a param with shape torch.Size([192, 4]) from checkpoint, the shape in current model is torch.Size([256, 4]).
	size mismatch for global_encoder.current_node_distance_proj.bias: copying a param with shape torch.Size([192]) from checkpoint, the shape in current model is torch.Size([256]).
	size mismatch for global_encoder.output_proj.0.weight: copying a param with shape torch.Size([256, 448]) from checkpoint, the shape in current model is torch.Size([256, 512]).
	size mismatch for style_proj.0.weight: copying a param with shape torch.Size([192, 128]) from checkpoint, the shape in current model is torch.Size([256, 128]).
	size mismatch for style_proj.0.bias: copying a param with shape torch.Size([192]) from checkpoint, the shape in current model is torch.Size([256]).
	size mismatch for style_proj.2.weight: copying a param with shape torch.Size([256, 192]) from checkpoint, the shape in current model is torch.Size([256, 256])."
PURE_WFC,42,False,False,,,0.0,,,3.2938222885131836,,,,,,,,,,,,,,,,False,0,,"RuntimeError: Error(s) in loading state_dict for DualStreamConditionEncoder:
	size mismatch for local_encoder.neighbor_encoders.N.weight: copying a param with shape torch.Size([192, 64]) from checkpoint, the shape in current model is torch.Size([256, 64]).
	size mismatch for local_encoder.neighbor_encoders.N.bias: copying a param with shape torch.Size([192]) from checkpoint, the shape in current model is torch.Size([256]).
	size mismatch for local_encoder.neighbor_encoders.S.weight: copying a param with shape torch.Size([192, 64]) from checkpoint, the shape in current model is torch.Size([256, 64]).
	size mismatch for local_encoder.neighbor_encoders.S.bias: copying a param with shape torch.Size([192]) from checkpoint, the shape in current model is torch.Size([256]).
	size mismatch for local_encoder.neighbor_encoders.E.weight: copying a param with shape torch.Size([192, 64]) from checkpoint, the shape in current model is torch.Size([256, 64]).
	size mismatch for local_encoder.neighbor_encoders.E.bias: copying a param with shape torch.Size([192]) from checkpoint, the shape in current model is torch.Size([256]).
	size mismatch for local_encoder.neighbor_encoders.W.weight: copying a param with shape torch.Size([192, 64]) from checkpoint, the shape in current model is torch.Size([256, 64]).
	size mismatch for local_encoder.neighbor_encoders.W.bias: copying a param with shape torch.Size([192]) from checkpoint, the shape in current model is torch.Size([256]).
	size mismatch for local_encoder.boundary_encoder.2.weight: copying a param with shape torch.Size([192, 16]) from checkpoint, the shape in current model is torch.Size([256, 16]).
	size mismatch for local_encoder.boundary_encoder.2.bias: copying a param with shape torch.Size([192]) from checkpoint, the shape in current model is torch.Size([256]).
	size mismatch for local_encoder.position_encoder.2.weight: copying a param with shape torch.Size([192, 32]) from checkpoint, the shape in current model is torch.Size([256, 32]).
	size mismatch for local_encoder.position_encoder.2.bias: copying a param with shape torch.Size([192]) from checkpoint, the shape in current model is torch.Size([256]).
	size mismatch for local_encoder.fusion.0.weight: copying a param with shape torch.Size([384, 1152]) from checkpoint, the shape in current model is torch.Size([512, 1536]).
	size mismatch for local_encoder.fusion.0.bias: copying a param with shape torch.Size([384]) from checkpoint, the shape in current model is torch.Size([512]).
	size mismatch for local_encoder.fusion.1.weight: copying a param with shape torch.Size([384]) from checkpoint, the shape in current model is torch.Size([512]).
	size mismatch for local_encoder.fusion.1.bias: copying a param with shape torch.Size([384]) from checkpoint, the shape in current model is torch.Size([512]).
	size mismatch for local_encoder.fusion.4.weight: copying a param with shape torch.Size([192, 384]) from checkpoint, the shape in current model is torch.Size([256, 512]).
	size mismatch for local_encoder.fusion.4.bias: copying a param with shape torch.Size([192]) from checkpoint, the shape in current model is torch.Size([256]).
	size mismatch for local_encoder.fusion.5.weight: copying a param with shape torch.Size([192]) from checkpoint, the shape in current model is torch.Size([256]).
	size mismatch for local_encoder.fusion.5.bias: copying a param with shape torch.Size([192]) from checkpoint, the shape in current model is torch.Size([256]).
	size mismatch for local_encoder.fusion.7.weight: copying a param with shape torch.Size([256, 192]) from checkpoint, the shape in current model is torch.Size([256, 256]).
	size mismatch for global_encoder.node_encoder.weight: copying a param with shape torch.Size([192, 14]) from checkpoint, the shape in current model is torch.Size([256, 14]).
	size mismatch for global_encoder.node_encoder.bias: copying a param with shape torch.Size([192]) from checkpoint, the shape in current model is torch.Size([256]).
	size mismatch for global_encoder.edge_encoder.weight: copying a param with shape torch.Size([192, 16]) from checkpoint, the shape in current model is torch.Size([256, 16]).
	size mismatch for global_encoder.edge_encoder.bias: copying a param with shape torch.Size([192]) from checkpoint, the shape in current model is torch.Size([256]).
	size mismatch for global_encoder.gnn_layers.0.bias: copying a param with shape torch.Size([192]) from checkpoint, the shape in current model is torch.Size([256]).
	size mismatch for global_encoder.gnn_layers.0.lin.weight: copying a param with shape torch.Size([192, 192]) from checkpoint, the shape in current model is torch.Size([256, 256]).
	size mismatch for global_encoder.gnn_layers.1.bias: copying a param with shape torch.Size([192]) from checkpoint, the shape in current model is torch.Size([256]).
	size mismatch for global_encoder.gnn_layers.1.lin.weight: copying a param with shape torch.Size([192, 192]) from checkpoint, the shape in current model is torch.Size([256, 256]).
	size mismatch for global_encoder.layer_norms.0.weight: copying a param with shape torch.Size([192]) from checkpoint, the shape in current model is torch.Size([256]).
	size mismatch for global_encoder.layer_norms.0.bias: copying a param with shape torch.Size([192]) from checkpoint, the shape in current model is torch.Size([256]).
	size mismatch for global_encoder.layer_norms.1.weight: copying a param with shape torch.Size([192]) from checkpoint, the shape in current model is torch.Size([256]).
	size mismatch for global_encoder.layer_norms.1.bias: copying a param with shape torch.Size([192]) from checkpoint, the shape in current model is torch.Size([256]).
	size mismatch for global_encoder.node_output.weight: copying a param with shape torch.Size([256, 192]) from checkpoint, the shape in current model is torch.Size([256, 256]).
	size mismatch for global_encoder.tpe_proj.weight: copying a param with shape torch.Size([192, 8]) from checkpoint, the shape in current model is torch.Size([256, 8]).
	size mismatch for global_encoder.tpe_proj.bias: copying a param with shape torch.Size([192]) from checkpoint, the shape in current model is torch.Size([256]).
	size mismatch for global_encoder.current_node_distance_proj.weight: copying a param with shape torch.Size([192, 4]) from checkpoint, the shape in current model is torch.Size([256, 4]).
	size mismatch for global_encoder.current_node_distance_proj.bias: copying a param with shape torch.Size([192]) from checkpoint, the shape in current model is torch.Size([256]).
	size mismatch for global_encoder.output_proj.0.weight: copying a param with shape torch.Size([256, 448]) from checkpoint, the shape in current model is torch.Size([256, 512]).
	size mismatch for style_proj.0.weight: copying a param with shape torch.Size([192, 128]) from checkpoint, the shape in current model is torch.Size([256, 128]).
	size mismatch for style_proj.0.bias: copying a param with shape torch.Size([192]) from checkpoint, the shape in current model is torch.Size([256]).
	size mismatch for style_proj.2.weight: copying a param with shape torch.Size([256, 192]) from checkpoint, the shape in current model is torch.Size([256, 256])."
PURE_WFC,43,False,False,,,0.0,,,3.479055643081665,,,,,,,,,,,,,,,,False,0,,"RuntimeError: Error(s) in loading state_dict for DualStreamConditionEncoder:
	size mismatch for local_encoder.neighbor_encoders.N.weight: copying a param with shape torch.Size([192, 64]) from checkpoint, the shape in current model is torch.Size([256, 64]).
	size mismatch for local_encoder.neighbor_encoders.N.bias: copying a param with shape torch.Size([192]) from checkpoint, the shape in current model is torch.Size([256]).
	size mismatch for local_encoder.neighbor_encoders.S.weight: copying a param with shape torch.Size([192, 64]) from checkpoint, the shape in current model is torch.Size([256, 64]).
	size mismatch for local_encoder.neighbor_encoders.S.bias: copying a param with shape torch.Size([192]) from checkpoint, the shape in current model is torch.Size([256]).
	size mismatch for local_encoder.neighbor_encoders.E.weight: copying a param with shape torch.Size([192, 64]) from checkpoint, the shape in current model is torch.Size([256, 64]).
	size mismatch for local_encoder.neighbor_encoders.E.bias: copying a param with shape torch.Size([192]) from checkpoint, the shape in current model is torch.Size([256]).
	size mismatch for local_encoder.neighbor_encoders.W.weight: copying a param with shape torch.Size([192, 64]) from checkpoint, the shape in current model is torch.Size([256, 64]).
	size mismatch for local_encoder.neighbor_encoders.W.bias: copying a param with shape torch.Size([192]) from checkpoint, the shape in current model is torch.Size([256]).
	size mismatch for local_encoder.boundary_encoder.2.weight: copying a param with shape torch.Size([192, 16]) from checkpoint, the shape in current model is torch.Size([256, 16]).
	size mismatch for local_encoder.boundary_encoder.2.bias: copying a param with shape torch.Size([192]) from checkpoint, the shape in current model is torch.Size([256]).
	size mismatch for local_encoder.position_encoder.2.weight: copying a param with shape torch.Size([192, 32]) from checkpoint, the shape in current model is torch.Size([256, 32]).
	size mismatch for local_encoder.position_encoder.2.bias: copying a param with shape torch.Size([192]) from checkpoint, the shape in current model is torch.Size([256]).
	size mismatch for local_encoder.fusion.0.weight: copying a param with shape torch.Size([384, 1152]) from checkpoint, the shape in current model is torch.Size([512, 1536]).
	size mismatch for local_encoder.fusion.0.bias: copying a param with shape torch.Size([384]) from checkpoint, the shape in current model is torch.Size([512]).
	size mismatch for local_encoder.fusion.1.weight: copying a param with shape torch.Size([384]) from checkpoint, the shape in current model is torch.Size([512]).
	size mismatch for local_encoder.fusion.1.bias: copying a param with shape torch.Size([384]) from checkpoint, the shape in current model is torch.Size([512]).
	size mismatch for local_encoder.fusion.4.weight: copying a param with shape torch.Size([192, 384]) from checkpoint, the shape in current model is torch.Size([256, 512]).
	size mismatch for local_encoder.fusion.4.bias: copying a param with shape torch.Size([192]) from checkpoint, the shape in current model is torch.Size([256]).
	size mismatch for local_encoder.fusion.5.weight: copying a param with shape torch.Size([192]) from checkpoint, the shape in current model is torch.Size([256]).
	size mismatch for local_encoder.fusion.5.bias: copying a param with shape torch.Size([192]) from checkpoint, the shape in current model is torch.Size([256]).
	size mismatch for local_encoder.fusion.7.weight: copying a param with shape torch.Size([256, 192]) from checkpoint, the shape in current model is torch.Size([256, 256]).
	size mismatch for global_encoder.node_encoder.weight: copying a param with shape torch.Size([192, 14]) from checkpoint, the shape in current model is torch.Size([256, 14]).
	size mismatch for global_encoder.node_encoder.bias: copying a param with shape torch.Size([192]) from checkpoint, the shape in current model is torch.Size([256]).
	size mismatch for global_encoder.edge_encoder.weight: copying a param with shape torch.Size([192, 16]) from checkpoint, the shape in current model is torch.Size([256, 16]).
	size mismatch for global_encoder.edge_encoder.bias: copying a param with shape torch.Size([192]) from checkpoint, the shape in current model is torch.Size([256]).
	size mismatch for global_encoder.gnn_layers.0.bias: copying a param with shape torch.Size([192]) from checkpoint, the shape in current model is torch.Size([256]).
	size mismatch for global_encoder.gnn_layers.0.lin.weight: copying a param with shape torch.Size([192, 192]) from checkpoint, the shape in current model is torch.Size([256, 256]).
	size mismatch for global_encoder.gnn_layers.1.bias: copying a param with shape torch.Size([192]) from checkpoint, the shape in current model is torch.Size([256]).
	size mismatch for global_encoder.gnn_layers.1.lin.weight: copying a param with shape torch.Size([192, 192]) from checkpoint, the shape in current model is torch.Size([256, 256]).
	size mismatch for global_encoder.layer_norms.0.weight: copying a param with shape torch.Size([192]) from checkpoint, the shape in current model is torch.Size([256]).
	size mismatch for global_encoder.layer_norms.0.bias: copying a param with shape torch.Size([192]) from checkpoint, the shape in current model is torch.Size([256]).
	size mismatch for global_encoder.layer_norms.1.weight: copying a param with shape torch.Size([192]) from checkpoint, the shape in current model is torch.Size([256]).
	size mismatch for global_encoder.layer_norms.1.bias: copying a param with shape torch.Size([192]) from checkpoint, the shape in current model is torch.Size([256]).
	size mismatch for global_encoder.node_output.weight: copying a param with shape torch.Size([256, 192]) from checkpoint, the shape in current model is torch.Size([256, 256]).
	size mismatch for global_encoder.tpe_proj.weight: copying a param with shape torch.Size([192, 8]) from checkpoint, the shape in current model is torch.Size([256, 8]).
	size mismatch for global_encoder.tpe_proj.bias: copying a param with shape torch.Size([192]) from checkpoint, the shape in current model is torch.Size([256]).
	size mismatch for global_encoder.current_node_distance_proj.weight: copying a param with shape torch.Size([192, 4]) from checkpoint, the shape in current model is torch.Size([256, 4]).
	size mismatch for global_encoder.current_node_distance_proj.bias: copying a param with shape torch.Size([192]) from checkpoint, the shape in current model is torch.Size([256]).
	size mismatch for global_encoder.output_proj.0.weight: copying a param with shape torch.Size([256, 448]) from checkpoint, the shape in current model is torch.Size([256, 512]).
	size mismatch for style_proj.0.weight: copying a param with shape torch.Size([192, 128]) from checkpoint, the shape in current model is torch.Size([256, 128]).
	size mismatch for style_proj.0.bias: copying a param with shape torch.Size([192]) from checkpoint, the shape in current model is torch.Size([256]).
	size mismatch for style_proj.2.weight: copying a param with shape torch.Size([256, 192]) from checkpoint, the shape in current model is torch.Size([256, 256])."
